state,cluster_2000,dist_1cs_2000,dist_own_2000,extremity_2000,cluster_2001,dist_1cs_2001,dist_own_2001,extremity_2001,dist_1cs_delta_2001,dist_own_delta_2001,extremity_delta_2001,cluster_2002,dist_1cs_2002,dist_own_2002,extremity_2002,dist_1cs_delta_2002,dist_own_delta_2002,extremity_delta_2002,cluster_2003,dist_1cs_2003,dist_own_2003,extremity_2003,dist_1cs_delta_2003,dist_own_delta_2003,extremity_delta_2003,cluster_2004,dist_1cs_2004,dist_own_2004,extremity_2004,dist_1cs_delta_2004,dist_own_delta_2004,extremity_delta_2004,cluster_2005,dist_1cs_2005,dist_own_2005,extremity_2005,dist_1cs_delta_2005,dist_own_delta_2005,extremity_delta_2005,cluster_2006,dist_1cs_2006,dist_own_2006,extremity_2006,dist_1cs_delta_2006,dist_own_delta_2006,extremity_delta_2006,cluster_2007,dist_1cs_2007,dist_own_2007,extremity_2007,dist_1cs_delta_2007,dist_own_delta_2007,extremity_delta_2007,cluster_2008,dist_1cs_2008,dist_own_2008,extremity_2008,dist_1cs_delta_2008,dist_own_delta_2008,extremity_delta_2008,cluster_2009,dist_1cs_2009,dist_own_2009,extremity_2009,dist_1cs_delta_2009,dist_own_delta_2009,extremity_delta_2009,cluster_2010,dist_1cs_2010,dist_own_2010,extremity_2010,dist_1cs_delta_2010,dist_own_delta_2010,extremity_delta_2010,cluster_2011,dist_1cs_2011,dist_own_2011,extremity_2011,dist_1cs_delta_2011,dist_own_delta_2011,extremity_delta_2011,cluster_2012,dist_1cs_2012,dist_own_2012,extremity_2012,dist_1cs_delta_2012,dist_own_delta_2012,extremity_delta_2012,cluster_2013,dist_1cs_2013,dist_own_2013,extremity_2013,dist_1cs_delta_2013,dist_own_delta_2013,extremity_delta_2013,cluster_2014,dist_1cs_2014,dist_own_2014,extremity_2014,dist_1cs_delta_2014,dist_own_delta_2014,extremity_delta_2014,cluster_2015,dist_1cs_2015,dist_own_2015,extremity_2015,dist_1cs_delta_2015,dist_own_delta_2015,extremity_delta_2015,cluster_2016,dist_1cs_2016,dist_own_2016,extremity_2016,dist_1cs_delta_2016,dist_own_delta_2016,extremity_delta_2016,cluster_2017,dist_1cs_2017,dist_own_2017,extremity_2017,dist_1cs_delta_2017,dist_own_delta_2017,extremity_delta_2017,cluster_2018,dist_1cs_2018,dist_own_2018,extremity_2018,dist_1cs_delta_2018,dist_own_delta_2018,extremity_delta_2018,cluster_2019,dist_1cs_2019,dist_own_2019,extremity_2019,dist_1cs_delta_2019,dist_own_delta_2019,extremity_delta_2019
Alabama,1,1.207754,.92086583,2.1521921,1,1.2318658,.92170328,2.2001076,.024111748,.00083744526,.047915459,1,1.227332,.91582453,2.1954334,-.0045337677,-.0058787465,-.0046741962,1,1.5669109,1.3520105,3.38573,.33957887,.43618596,1.1902966,1,1.5660517,1.3528663,3.3878732,-.00085914135,.00085580349,.0021431446,1,1.5607953,1.3551298,3.4321301,-.0052564144,.002263546,.044256926,1,1.5666654,1.3248796,3.2958567,.0058701038,-.030250192,-.13627338,1,1.5438297,1.2326927,2.9484076,-.022835732,-.092186928,-.34744906,1,1.4980764,1.1664286,2.6459401,-.045753241,-.066264153,-.30246758,1,1.5733691,1.1553018,2.8006046,.075292706,-.011126757,.15466452,1,1.6955398,1.3403723,3.0633299,.12217069,.18507051,.26272535,1,2.1666889,1.7420557,4.9783869,.47114909,.40168333,1.9150569,1,1.995935,1.5550698,3.9230189,-.17075396,-.18698585,-1.0553679,1,2.0405822,1.6168358,4.4412599,.044647217,.061766028,.51824093,1,2.0986805,1.6105901,4.4052329,.058098316,-.0062457323,-.036026955,1,2.1215467,1.6045725,4.4025335,.022866249,-.0060175657,-.0026993752,1,2.1274283,1.6427294,4.6585503,.0058815479,.038156867,.25601673,1,1.9389223,1.4312072,3.8455603,-.18850601,-.21152222,-.81298995,1,2.0043445,1.5065758,4.2056227,.065422177,.075368643,.36006236,1,2.0358427,1.4995426,4.2103996,.031498194,-.0070332289,.0047769547
Alaska,1,.90089446,.58991003,1.2461244,1,.93297076,.59121656,1.281424,.032076299,.0013065338,.035299659,1,.9269762,.58200908,1.2680143,-.0059945583,-.0092074871,-.013409734,1,.89897197,.57265353,1.1834841,-.028004229,-.009355545,-.084530234,1,.89747387,.57467115,1.1876538,-.0014981031,.0020176172,.0041697025,1,.91007644,.61393601,1.2899293,.012602568,.039264858,.10227549,1,.92010736,.57160711,1.1698378,.010030925,-.042328894,-.12009144,1,.94510007,.51916397,1.0155168,.024992704,-.052443147,-.15432107,1,.95441067,.57203341,1.0522596,.0093106031,.052869439,.036742806,1,1.0778519,.57855183,1.1735497,.12344122,.0065184236,.12129009,1,1.249452,.89252311,1.6894876,.1716001,.31397128,.51593792,1,1.3749977,1.1334715,2.2894633,.12554574,.24094838,.59997571,1,1.0862019,.61217946,1.0488811,-.28879583,-.52129203,-1.2405822,1,1.1492772,.65998995,1.3022381,.063075304,.047810495,.25335705,1,1.2573504,.68847656,1.373703,.10807323,.028486609,.071464896,1,1.295157,.7009418,1.4100327,.037806511,.012465239,.036329746,1,1.3047689,.79024404,1.6529961,.0096119642,.089302242,.24296331,1,1.3190192,.77711606,1.6581829,.014250278,-.013127983,.0051867962,1,1.4134318,.87736565,1.989195,.094412565,.10024959,.33101213,1,1.4577544,.89676291,2.0482767,.04432261,.019397259,.059081674
Arizona,1,.88994551,.67757285,1.3768054,1,.92240262,.7184732,1.4778754,.032457113,.04090035,.10106993,1,.93749279,.74897045,1.5494822,.015090168,.030497253,.071606874,1,.90981233,.74172384,1.4467313,-.027680457,-.0072466135,-.1027509,1,.90833211,.74328262,1.4497716,-.0014802217,.0015587807,.0030403137,1,1.6344346,1.5329353,3.7280724,.72610247,.78965265,2.2783008,1,1.6280414,1.4386077,3.5606561,-.0063931942,-.094327569,-.16741633,1,1.8340672,1.5873032,4.0988955,.20602584,.14869547,.53823948,1,1.9476274,1.7302855,4.4365082,.1135602,.14298236,.33761263,1,1.8799771,1.64359,4.1888862,-.067650318,-.086695552,-.24762201,1,2.0127907,1.7618996,4.4093981,.13281357,.11830962,.22051191,1,1.9272125,1.5233096,3.9905117,-.085578203,-.23859,-.41888642,1,1.7499106,1.3612584,3.0891488,-.17730188,-.1620512,-.9013629,1,1.8006684,1.3653419,3.4580998,.050757766,.0040835142,.36895108,1,1.8662505,1.3542525,3.427146,.065582156,-.011089444,-.030953884,1,1.8919282,1.3507972,3.4316757,.025677681,-.0034552813,.0045297146,1,1.8985213,1.3992207,3.6800039,.0065931082,.048423529,.24832821,1,1.7530388,1.418209,3.4163682,-.14548254,.018988252,-.26363564,1,1.7483171,1.4336963,3.4892075,-.0047216415,.015487313,.07283926,1,1.7622259,1.4104499,3.4453723,.013908744,-.023246408,-.043835163
Arkansas,1,1.2555145,1.0345124,2.3881083,1,1.2787261,1.0352581,2.4420779,.023211598,.00074565411,.053969622,1,1.274359,1.0026969,2.4036856,-.0043671131,-.032561183,-.038392305,1,1.2541358,.99729574,2.2896814,-.020223141,-.0054011345,-.11400414,1,1.2373155,.97023612,2.2275555,-.016820312,-.027059615,-.062125921,1,1.5545013,1.6517472,3.2976956,.31718576,.6815111,1.0701401,1,1.5222304,1.6251217,3.173558,-.032270908,-.026625514,-.12413764,1,1.5627648,1.6641909,3.2327936,.040534377,.039069176,.059235573,2,1.256012,1.4969735,2.250721,-.3067528,-.16721737,-.98207259,1,1.2737931,1.3789086,2.386534,.017781138,-.11806488,.135813,2,1.2842762,1.4363846,2.2396607,.010483146,.057475924,-.14687324,1,1.2827785,1.3948017,2.3054521,-.0014977455,-.041582823,.065791368,2,1.2846878,1.4229802,2.2620187,.001909256,.028178453,-.043433428,1,1.2918503,1.3718656,2.3378394,.007162571,-.051114559,.075820684,1,1.331205,1.3870833,2.3871975,.039354682,.015217662,.04935813,1,1.3525503,1.3812988,2.4219716,.021345258,-.0057845116,.034774065,1,1.3617573,1.348677,2.4701788,.0092070103,-.032621741,.048207283,1,1.3646833,1.3201509,2.4810822,.002925992,-.028526187,.010903358,1,1.2920363,1.3370219,2.381614,-.072646976,.016871095,-.099468231,1,1.3330449,1.3603234,2.4712803,.041008592,.023301482,.089666367
California,2,2.2639205,1.3888444,3.8072226,2,2.4228981,1.702286,4.8695111,.15897751,.31344163,1.0622885,2,2.4043405,1.6772994,4.7785411,-.018557549,-.024986625,-.090970039,2,2.2457614,1.5930403,4.2298608,-.15857911,-.084259033,-.54868031,2,2.2451622,1.5930403,4.2305551,-.00059914589,0,.0006942749,2,2.2815981,1.6213657,4.3161159,.036435843,.028325319,.085560799,2,2.2575645,1.5912971,4.2925916,-.024033546,-.030068517,-.023524284,2,2.2087345,1.6535031,4.4581861,-.048830032,.062205911,.16559458,2,2.2215781,1.7086549,4.6774373,.012843609,.05515182,.21925116,2,2.2643876,1.7478527,4.8871331,.042809486,.039197803,.20969582,2,2.1777289,1.7757252,4.846931,-.086658716,.027872562,-.040202141,2,2.5693197,2.2075655,6.7007265,.39159083,.4318403,1.8537955,2,2.5626335,2.2693331,7.0403342,-.0066862106,.061767578,.33960772,2,2.7657313,2.3386497,7.6383781,.20309782,.069316626,.59804392,2,2.6802745,2.3122551,7.4868522,-.085456848,-.026394606,-.15152597,2,2.6468589,2.3014429,7.4247785,-.033415556,-.010812283,-.062073708,2,2.7850213,2.3674037,7.8400307,.13816237,.065960884,.41525221,2,2.751044,2.307333,7.6274662,-.03397727,-.060070753,-.21256447,2,2.674818,2.1692343,7.0357366,-.076225996,-.13809872,-.59172964,2,2.6397321,2.1718688,7.0029807,-.035085917,.0026345253,-.032755852
Colorado,1,1.0881912,1.1368545,2.1153507,1,1.0971636,1.1128459,2.1399589,.0089724064,-.024008632,.024608135,1,1.0920706,1.1079817,2.1446433,-.0050929785,-.0048642159,.0046844482,1,1.0684026,1.1030961,1.9950832,-.023667932,-.0048855543,-.14956009,1,1.0671424,1.1041448,1.99698,-.0012602806,.0010486841,.001896739,1,1.0777626,1.1021594,2.0366228,.010620236,-.0019854307,.039642811,1,1.1540761,1.1733433,2.1757457,.076313496,.07118392,.13912296,1,1.4163189,1.3764197,2.7789288,.26224279,.20307636,.60318303,1,1.3372923,1.333125,2.473768,-.07902658,-.043294668,-.30516076,1,1.3755569,1.2522203,2.5437083,.038264632,-.080904722,.069940329,1,1.4909376,1.4898572,2.7685702,.11538064,.23763692,.22486186,1,1.3296878,1.1797884,2.2625172,-.16124976,-.31006885,-.50605297,1,1.3534384,1.3810766,2.3373098,.023750544,.20128822,.074792624,1,1.3905334,1.531764,2.6200793,.03709507,.15068746,.28276944,2,1.5105995,1.6814556,2.9624176,.12006605,.14969158,.34233832,2,1.4572268,1.4143348,2.7356756,-.053372741,-.26712084,-.22674203,2,1.4387735,1.443526,2.6444387,-.01845324,.029191256,-.09123683,2,1.3152976,1.4255238,2.3964627,-.12347591,-.018002272,-.24797606,2,1.3014867,1.5069153,2.4173391,-.013810873,.081391573,.020876408,2,1.5219147,1.4463795,2.8721006,.22042799,-.060535789,.45476151
Connecticut,2,1.8911153,1.0306417,2.4565895,2,1.885924,1.1392004,2.6890342,-.0051913261,.10855877,.23244476,2,1.8933502,1.1604596,2.7501945,.0074262619,.021259189,.061160326,2,1.7332712,1.1566234,2.4971457,-.160079,-.0038362741,-.2530489,2,1.7437756,1.1566234,2.512599,.010504365,0,.015453339,2,1.7502952,1.1893446,2.5489557,.006519556,.032721281,.036356688,2,1.7555317,1.199365,2.6388814,.0052365065,.010020375,.089925766,2,1.7576382,1.2289784,2.7875144,.0021065474,.029613376,.148633,2,1.8066102,1.3638098,3.1674139,.048972011,.13483143,.3798995,2,1.7781353,1.3870964,3.1836979,-.028474927,.023286581,.016283989,2,1.7856599,1.5043937,3.4496686,.0075246096,.11729729,.26597071,2,1.7230932,1.2994472,2.9669907,-.062566757,-.20494652,-.48267794,2,1.7273552,1.4662443,3.3854959,.0042620897,.16679716,.41850519,2,2.0309505,1.5954212,4.1141677,.3035953,.12917686,.72867179,2,1.9333372,1.538101,3.9376585,-.097613335,-.057320237,-.17650914,2,1.9074109,1.530665,3.9247913,-.025926352,-.0074359179,-.012867212,2,1.9139504,1.4861923,3.7167041,.0065395832,-.044472694,-.20808721,2,1.9031985,1.4472796,3.645493,-.010751963,-.038912773,-.0712111,2,1.8570863,1.4329698,3.4949021,-.04611218,-.014309764,-.1505909,2,1.8384639,1.4607124,3.5526543,-.018622398,.027742624,.057752132
Delaware,2,1.4238319,1.2364824,2.2436066,2,1.4169296,1.2771496,2.2983108,-.0069023371,.040667176,.054704189,2,1.4267991,1.2961482,2.3485613,.0098694563,.018998623,.05025053,2,1.4226162,1.1566234,2.0922983,-.0041828156,-.13952482,-.25626302,2,1.42167,1.1566234,2.0930381,-.00094628334,0,.00073981285,2,1.4296591,1.1893446,2.123481,.0079891682,.032721281,.030442953,2,1.4223459,1.2503905,2.2510574,-.0073132515,.061045885,.12757635,2,1.4249452,1.1853795,2.2238209,.0025993586,-.065011024,-.027236462,2,1.4716662,1.2546964,2.4223185,.046720982,.069316864,.19849753,2,1.6404805,1.518219,3.1119373,.1688143,.26352262,.68961883,2,1.6486337,1.49104,3.1182065,.0081532001,-.027179003,.0062692165,2,1.417133,1.3805631,2.5021191,-.23150074,-.11047685,-.61608744,2,1.1476452,1.0723211,1.8112466,-.26948774,-.30824208,-.69087243,2,1.1911664,1.2945282,2.0202882,.043521166,.22220719,.2090416,2,1.2337369,1.351774,2.1771536,.042570472,.057245731,.15686536,2,1.4110837,1.4044803,2.6242816,.17734683,.052706361,.44712806,2,1.4060341,1.429021,2.5631227,-.0050495863,.024540663,-.061158895,2,1.4933211,1.3885069,2.7291028,.087286949,-.040514112,.1659801,2,1.4340895,1.4177181,2.6326616,-.05923152,.029211164,-.096441269,2,1.3440315,1.4607124,2.5059085,-.090058088,.04299438,-.12675309
District of Columbia,1,.88994551,.67757285,1.3768054,2,2.0929017,1.6220701,4.0333385,1.2029562,.94449723,2.6565332,2,2.0902364,1.5958279,3.9824219,-.0026652813,-.026242137,-.050916672,2,2.0873835,1.4847373,3.701978,-.0028529167,-.11109066,-.28044391,2,2.0867388,1.4847373,3.7026668,-.00064468384,0,.00068879128,2,2.0827971,1.4590499,3.5975626,-.0039417744,-.025687337,-.10510421,2,2.0588236,1.5210117,3.7648451,-.023973465,.06196177,.16728258,2,2.0510826,1.5508466,3.9216895,-.0077409744,.029834867,.15684438,2,2.0743811,1.6044511,4.1407752,.023298502,.053604484,.21908569,2,2.0400405,1.6819031,4.2331605,-.03434062,.077452064,.092385292,2,2.1448417,1.8174708,4.817966,.10480118,.13556767,.58480549,2,2.2466602,1.9653186,5.2783823,.10181856,.14784777,.46041632,2,2.2542841,1.9748095,5.5340576,.0076239109,.0094909668,.25567532,2,2.3571448,2.0381522,5.7415099,.10286069,.06334269,.2074523,2,2.2735801,1.975909,5.544529,-.083564758,-.062243223,-.19698095,2,2.2428493,1.9461192,5.4727092,-.030730724,-.029789805,-.071819782,2,2.2309039,1.8597761,5.1353016,-.011945486,-.08634305,-.33740759,2,2.3998792,1.8738422,5.6596332,.16897535,.0140661,.52433157,2,2.3300562,1.7721059,5.2157226,-.069823027,-.10173631,-.4439106,2,2.2896934,1.7465243,5.1274691,-.040362835,-.025581598,-.088253498
Florida,1,.90089446,.58991003,1.2461244,1,.93297076,.59121656,1.281424,.032076299,.0013065338,.035299659,1,1.3490994,1.1327751,2.7155118,.41612864,.5415585,1.4340878,1,1.3151881,1.1030961,2.5325875,-.033911347,-.029678941,-.18292427,1,1.3141645,1.1041448,2.5349951,-.001023531,.0010486841,.0024075508,1,1.3078961,1.1021594,2.5646331,-.0062683821,-.0019854307,.029638052,1,1.3148956,1.0748518,2.4483218,.0069994926,-.02730763,-.11631131,1,1.2876023,.94579661,2.0777791,-.027293324,-.12905514,-.37054276,1,1.2323728,.87209833,1.7959573,-.055229545,-.073698282,-.28182173,1,1.4702941,1.1553018,2.6127481,.23792136,.28320348,.81679082,1,1.3329728,.93462318,1.8559272,-.13732135,-.22067863,-.75682092,1,1.3516262,.86547303,1.854363,.018653393,-.06915015,-.0015642643,1,1.3891848,.99716049,1.9419634,.037558675,.13168746,.08760047,1,1.1787559,.6993984,1.3953218,-.21042895,-.2977621,-.54664159,1,1.3888735,1.2899613,2.4200447,.21011758,.59056294,1.0247228,1,1.4231904,1.2876282,2.4657357,.034316897,-.0023331642,.045691013,1,1.3545387,1.4480015,2.5081935,-.068651676,.16037333,.042457819,1,1.4900348,1.5788599,2.9320858,.13549614,.13085842,.42389226,1,1.4910665,1.5590013,2.965637,.0010316372,-.019858599,.033551216,1,1.6034732,1.5331277,3.2251656,.11240673,-.025873661,.25952864
Georgia,1,1.0135567,.92086577,1.840708,1,1.0421711,.89105636,1.8615283,.028614402,-.029809415,.02082026,1,1.0368081,.884974,1.8591477,-.0053629875,-.006082356,-.0023806095,1,1.0310445,.87884957,1.7732543,-.0057636499,-.0061244369,-.085893393,1,1.0486072,.91117889,1.8384851,.017562747,.032329321,.065230846,1,1.0594133,.91453636,1.8901684,.010806084,.00335747,.051683307,1,1.1875702,1.0715238,2.1929557,.1281569,.15698743,.3027873,1,1.5310762,1.3535255,3.053493,.34350598,.28200173,.86053729,1,1.4582819,1.2690767,2.692966,-.072794318,-.084448814,-.36052704,1,1.6494206,1.5004627,3.4090998,.19113874,.23138595,.71613383,1,1.796607,1.5776265,3.6055582,.1471864,.077163815,.19645834,1,2.0988865,1.8222163,4.8819394,.30227947,.24458981,1.2763813,1,2.1324825,1.8576467,4.7516303,.033596039,.035430431,-.1303091,1,1.9907273,1.6870984,4.4049454,-.14175522,-.17054832,-.34668493,1,2.0201316,1.6893786,4.3389492,.029404283,.0022802353,-.06599617,1,2.0438766,1.6806703,4.3486147,.02374506,-.0087083578,.0096654892,1,2.0595238,1.7412332,4.6275334,.015647173,.060562968,.27891874,1,1.8889793,1.5160323,3.8746769,-.17054451,-.22520089,-.75285649,1,2.0370936,1.753095,4.6738153,.14811432,.23706269,.79913831,1,2.0633471,1.7476225,4.6949005,.026253462,-.0054725409,.021085262
Hawaii,2,1.7511462,1.3646326,2.934998,1,1.4778904,1.5862545,3.1583774,-.27325583,.22162187,.22337937,1,1.4741135,1.5828458,3.1709633,-.0037769079,-.0034086704,.012585878,1,1.4700652,1.5794299,3.0262103,-.0040482283,-.0034159422,-.14475298,1,1.4824359,1.5976448,3.0611103,.012370706,.018214941,.03489995,1,1.4900993,1.5849457,3.107105,.0076633692,-.012699127,.045994759,2,1.5914998,1.601086,3.0067761,.10140049,.016140342,-.10032892,2,1.5814731,1.6009434,3.0299864,-.010026693,-.00014257431,.023210287,2,1.5993619,1.5592966,3.0371833,.017888784,-.041646838,.0071969032,2,1.7503502,1.6533482,3.5207863,.15098834,.0940516,.483603,2,1.7468047,1.6441412,3.5131676,-.0035455227,-.0092070103,-.0076186657,2,1.5302284,1.5156711,2.8639655,-.21657634,-.12847006,-.64920211,2,1.5221988,1.4904031,2.8923302,-.0080295801,-.025268078,.028364658,2,1.8543152,1.7136723,3.8618295,.33211637,.22326922,.96949935,2,1.8609899,1.7921798,4.0528631,.0066747665,.078507543,.1910336,2,2.1490948,1.9744598,5.1894817,.28810489,.18227994,1.1366186,2,2.1457827,1.9896652,5.0634289,-.0033121109,.015205383,-.12605286,2,2.1269991,1.9501157,4.9832368,-.018783569,-.03954947,-.080192089,2,2.127722,1.7964731,4.7354507,.00072288513,-.15364254,-.24778605,2,2.0834429,1.7702205,4.6301408,-.044279099,-.026252627,-.10530996
Idaho,1,1.4845093,1.2966599,3.1749787,1,1.5041914,1.3184938,3.2558465,.01968205,.021833897,.080867767,1,1.5134919,1.3143909,3.2938542,.0093004704,-.0041029453,.038007736,1,1.2619289,1.1030961,2.4178813,-.25156295,-.21129477,-.87597299,1,1.2452139,1.0786937,2.3643935,-.01671505,-.02440238,-.053487778,1,1.2543273,1.0898294,2.4335113,.009113431,.011135697,.069117785,1,1.2770712,1.0880613,2.3871672,.02274394,-.0017681122,-.046344042,1,1.2722831,.94579661,2.0549948,-.0047881603,-.14226472,-.33217239,1,1.2944518,.99693966,2.0645435,.022168756,.05114305,.0095486641,1,1.4020293,1.0334678,2.3153539,.10757744,.036528111,.25081038,1,1.0902207,.64185846,1.152346,-.31180859,-.39160931,-1.1630079,1,1.0974263,.70643002,1.3243726,.0072056055,.064571559,.17202663,1,1.0862019,.61217946,1.0488811,-.011224389,-.09425056,-.2754916,1,1.1492772,.65998995,1.3022381,.063075304,.047810495,.25335705,1,1.2573504,.68847656,1.373703,.10807323,.028486609,.071464896,1,1.295157,.7009418,1.4100327,.037806511,.012465239,.036329746,1,1.3047689,.79024404,1.6529961,.0096119642,.089302242,.24296331,1,1.3190192,.77711606,1.6581829,.014250278,-.013127983,.0051867962,1,1.4134318,.87736565,1.989195,.094412565,.10024959,.33101213,1,1.4577544,.89676291,2.0482767,.04432261,.019397259,.059081674
Illinois,2,1.4976593,1.590248,2.8364103,2,1.4375371,1.537675,2.6705141,-.060122252,-.052572966,-.16589618,2,1.4336538,1.5534908,2.693146,-.0038832426,.015815735,.022631884,2,1.6402755,1.5506271,3.0117221,.20662165,-.0028636456,.3185761,2,1.6274508,1.5506271,2.9903939,-.012824655,0,-.021328211,2,1.6102624,1.5538793,2.9343669,-.01718843,.0032521486,-.056026936,2,1.7941979,1.601086,3.4064903,.18393552,.047206759,.47212338,2,2.0270424,1.8736031,4.4266353,.23284447,.27251709,1.0201449,2,2.0217247,1.8134357,4.3650303,-.005317688,-.060167432,-.061604977,2,2.0875449,1.9198806,4.7293229,.065820217,.10644495,.36429262,2,1.9734395,1.7729074,4.2684736,-.11410546,-.14697325,-.46084929,2,2.1439455,1.9542258,4.9544983,.170506,.1813184,.68602467,2,2.1151721,1.9010941,4.9767375,-.028773308,-.0531317,.022239208,2,2.1709433,1.8944253,4.9633069,.055771112,-.0066688061,-.013430595,2,2.070462,1.8135136,4.6990652,-.10048127,-.080911636,-.2642417,2,2.0462737,1.818213,4.6915483,-.02418828,.0046993494,-.007516861,2,2.0235066,1.7678897,4.4211798,-.022767067,-.050323248,-.27036858,2,2.2986798,2.0592356,5.6679993,.27517319,.29134583,1.2468195,2,2.325845,2.0347874,5.6848493,.027165174,-.024448156,.016849995,2,2.4065983,2.0535371,6.0288014,.080753326,.018749714,.34395218
Indiana,1,1.4910989,1.2530826,3.1524153,1,1.510695,1.2536982,3.2121217,.0195961,.00061559677,.05970645,1,1.5070002,1.2269479,3.1869171,-.0036947727,-.026750326,-.025204659,1,1.2541358,.99729574,2.2896814,-.25286436,-.22965217,-.89723563,1,1.2373155,.97023612,2.2275555,-.016820312,-.027059615,-.062125921,1,1.2464868,.99926925,2.3252163,.0091712475,.029033124,.09766078,1,1.2538291,.96267062,2.1927931,.0073423386,-.036598623,-.13242316,1,1.2722831,.94579661,2.0549948,.018453956,-.016874015,-.13779831,1,1.2944518,.99693966,2.0645435,.022168756,.05114305,.0095486641,1,1.4020293,1.0334678,2.3153539,.10757744,.036528111,.25081038,1,1.5631645,1.2816987,2.7198601,.1611352,.24823093,.40450621,1,1.6871578,1.3359482,3.1588149,.12399328,.054249525,.43895483,1,1.6711012,1.2488178,2.7643402,-.016056538,-.087130427,-.39447474,1,1.7127706,1.3051605,3.1771488,.041669369,.056342721,.41280866,1,1.7622259,1.2585706,3.0581491,.049455285,-.046589971,-.11899972,1,1.789397,1.2548517,3.064333,.027171135,-.003718853,.0061838627,1,1.7963665,1.327921,3.3419757,.0069694519,.073069334,.27764273,1,1.5810173,1.0896066,2.5579743,-.2153492,-.23831439,-.78400135,1,1.5804396,1.1657857,2.741868,-.00057768822,.076179028,.18389368,1,1.5896567,1.1420087,2.6803603,.0092171431,-.023777008,-.061507702
Iowa,1,.88994551,.67757285,1.3768054,1,.92240262,.7184732,1.4778754,.032457113,.04090035,.10106993,1,.9269762,.58200908,1.2680143,.0045735836,-.13646412,-.20986104,1,.89897197,.57265353,1.1834841,-.028004229,-.009355545,-.084530234,1,.89747387,.57467115,1.1876538,-.0014981031,.0020176172,.0041697025,1,.91007644,.61393601,1.2899293,.012602568,.039264858,.10227549,1,.92010736,.57160711,1.1698378,.010030925,-.042328894,-.12009144,1,.94510007,.51916397,1.0155168,.024992704,-.052443147,-.15432107,1,.95441067,.57203341,1.0522596,.0093106031,.052869439,.036742806,1,1.1397454,1.0652335,1.9365548,.18533468,.49320006,.88429523,1,1.1168728,1.0508521,1.7019912,-.022872567,-.014381409,-.23456359,1,1.1063237,1.1015122,1.8061317,-.010549068,.050660133,.10414052,1,1.0951905,1.0958332,1.6592846,-.011133194,-.0056790113,-.14684713,1,1.1407148,1.0384815,1.8187091,.04552424,-.057351708,.15942454,1,1.1830291,1.1153475,1.8944451,.042314291,.076866031,.075735927,1,1.1906418,1.1141452,1.893795,.0076127052,-.0012023449,-.00065004826,1,1.167984,1.0647745,1.8698142,-.022657752,-.049370646,-.023980856,1,1.2185687,.96811301,1.8460991,.050584674,-.096661508,-.023715019,1,1.1851802,.98295426,1.8613975,-.033388495,.014841259,.015298367,1,1.1974437,.951859,1.8144541,.012263536,-.031095266,-.046943426
Kansas,1,.88994551,.67757285,1.3768054,1,.92240262,.7184732,1.4778754,.032457113,.04090035,.10106993,1,.93749279,.74897045,1.5494822,.015090168,.030497253,.071606874,1,.90981233,.74172384,1.4467313,-.027680457,-.0072466135,-.1027509,1,1.213312,1.1290224,2.333313,.3034997,.38729852,.88658166,1,1.2065197,1.1143528,2.3413453,-.0067923069,-.014669538,.0080323219,1,1.2141039,1.1140109,2.2799089,.0075842142,-.00034189224,-.061436415,1,1.2090664,.97827977,2.0035872,-.0050375462,-.13573116,-.27632165,1,1.2163581,.99693972,1.946551,.0072916746,.018659949,-.057036281,1,1.3004524,1.0652335,2.1979382,.084094286,.06829375,.25138724,1,1.3107224,1.0868363,2.0342138,.01027,.021602869,-.16372442,1,1.2712628,1.1334715,2.1117799,-.039459586,.046635151,.077566147,1,1.2770337,1.0554118,1.8731323,.0057709217,-.078059673,-.23864758,1,1.2395662,1.0723211,2.0066707,-.03746748,.016909242,.13353837,1,1.2631849,1.1153475,2.0167754,.023618698,.043026447,.010104656,1,1.3008219,1.1141452,2.0567222,.037636995,-.0012023449,.039946795,1,1.3103923,1.132207,2.1681399,.0095703602,.018061876,.11141777,1,1.3842984,1.143509,2.3256524,.073906183,.011301994,.15751243,1,1.4745371,1.2182184,2.6303642,.09023869,.074709415,.30471182,1,1.5170755,1.2279607,2.6904244,.042538404,.00974226,.060060263
Kentucky,1,.90089446,.58991003,1.2461244,1,.93297076,.59121656,1.281424,.032076299,.0013065338,.035299659,1,.9269762,.58200908,1.2680143,-.0059945583,-.0092074871,-.013409734,1,1.2224669,1.0515274,2.2888007,.29549074,.4695183,1.0207864,1,1.2052047,1.0258992,2.2330172,-.01726222,-.025628209,-.05578351,1,1.1983664,1.0259596,2.2578371,-.0068383217,.00006043911,.024819851,1,1.1896323,.99190599,2.1189389,-.008734107,-.034053624,-.13889813,1,1.2090664,.97827977,2.0035872,.019434094,-.013626218,-.11535168,1,1.2163581,.99693972,1.946551,.0072916746,.018659949,-.057036281,1,1.3004524,1.0652335,2.1979382,.084094286,.06829375,.25138724,1,1.3107224,1.0868363,2.0342138,.01027,.021602869,-.16372442,1,1.2712628,1.1334715,2.1117799,-.039459586,.046635151,.077566147,1,1.2770337,1.0554118,1.8731323,.0057709217,-.078059673,-.23864758,1,1.2316316,1.3389286,2.1902037,-.04540205,.28351676,.31707132,1,1.2881621,1.3542526,2.2771156,.056530476,.015323997,.086911917,1,1.295157,1.3507971,2.2849858,.0069948435,-.0034555197,.0078701973,1,1.2743589,1.2599399,2.2274349,-.020798087,-.090857148,-.057550907,1,1.167202,1.0284032,1.8512546,-.10715687,-.23153675,-.37618029,1,1.1851802,.98295426,1.8613975,.017978191,-.045448899,.010142922,1,1.1974437,.951859,1.8144541,.012263536,-.031095266,-.046943426
Louisiana,1,.90089446,.58991003,1.2461244,1,.93297076,.59121656,1.281424,.032076299,.0013065338,.035299659,1,.9269762,.58200908,1.2680143,-.0059945583,-.0092074871,-.013409734,1,.89897197,.57265353,1.1834841,-.028004229,-.009355545,-.084530234,1,.89747387,.57467115,1.1876538,-.0014981031,.0020176172,.0041697025,1,.91007644,.61393601,1.2899293,.012602568,.039264858,.10227549,1,.92010736,.57160711,1.1698378,.010030925,-.042328894,-.12009144,1,1.2009304,1.3989394,2.1931498,.28082299,.82733226,1.023312,2,1.1919327,1.3982902,2.0711167,-.0089976788,-.00064921379,-.12203312,1,1.3879734,1.5710045,2.6863885,.19604075,.17271435,.61527181,2,1.2415806,1.3939872,2.1301379,-.14639282,-.17701733,-.55625057,1,1.230109,1.3359482,2.1682794,-.011471629,-.05803895,.038141489,2,1.1750808,1.3521997,1.9911077,-.0550282,.016251445,-.17717171,1,1.2746606,1.3587866,2.2937815,.099579811,.0065869093,.30267382,1,1.221759,1.3243866,2.1261635,-.052901626,-.034399986,-.16761804,1,1.2449821,1.3195907,2.1662147,.023223162,-.0047959089,.040051222,1,1.2549784,1.2817972,2.204828,.009996295,-.037793517,.038613319,1,1.302188,1.2917911,2.332849,.04720962,.0099939108,.128021,1,1.3033686,1.2327898,2.3274183,.0011805296,-.059001327,-.0054306984,1,1.1892282,1.2832679,2.1314151,-.11414039,.050478101,-.1960032
Maine,2,2.0929019,1.2364824,3.1827769,2,2.0882123,1.3775985,3.5015531,-.0046896935,.14111614,.31877613,2,2.0949216,1.3952299,3.55863,.0067093372,.017631412,.057076931,2,1.9514483,1.3920408,3.2794762,-.14347327,-.0031890869,-.27915382,2,1.9607842,1.3920408,3.2965293,.0093358755,0,.017053127,2,1.9665846,1.4092443,3.3004687,.0058003664,.01720345,.0039393902,2,1.9712466,1.3922918,3.3484192,.0046620369,-.016952515,.047950506,2,1.9731228,1.4454534,3.5647447,.001876235,.053161621,.21632552,2,2.0168695,1.574492,3.9604726,.04374671,.12903857,.39572787,2,1.9914031,1.594705,3.9712284,-.025466442,.020213008,.010755777,2,2.0892708,1.8174709,4.6570644,.097867727,.22276592,.68583608,2,2.0118356,1.7173914,4.2561865,-.077435255,-.10007954,-.40087795,2,1.7102433,1.5833558,3.4566758,-.30159223,-.13403559,-.79951072,2,1.7397473,1.7009394,3.553359,.029503942,.11758363,.096683264,2,1.780215,1.7921798,3.8076968,.040467739,.091240406,.25433779,2,1.7742661,1.7873969,3.8229628,-.0059489012,-.0047829151,.015265942,2,1.7702527,1.8144147,3.7585776,-.0040134192,.027017832,-.064385176,2,1.7120128,1.7050273,3.5425498,-.058239937,-.1093874,-.21602774,2,1.7706056,1.7597958,3.7412825,.058592796,.054768443,.19873261,2,1.7622259,1.7702205,3.7584946,-.0083796978,.010424733,.017212152
Maryland,2,1.5364343,1.2631531,2.4418035,2,1.5300401,1.3531855,2.5772109,-.0063941479,.090032458,.13540745,2,1.5391845,1.3711309,2.6274488,.0091443062,.017945409,.050237894,2,1.3077123,1.2666667,2.0878191,-.23147213,-.10446429,-.5396297,2,1.3216035,1.2666667,2.1099377,.01389122,0,.022118568,1,1.1983664,1.3451208,2.2680795,-.12323713,.078454137,.15814185,1,1.2380921,1.4186082,2.3260314,.039725661,.073487401,.057951927,2,1.3543967,1.2289784,2.1793261,.11630464,-.18962979,-.14670539,2,1.3894271,1.2161517,2.2404566,.035030365,-.012826681,.061130524,2,1.5097721,1.3346082,2.6248236,.120345,.11845648,.38436699,2,1.3476024,1.242256,2.2423103,-.16216969,-.092352152,-.38251328,2,1.4714376,1.0598801,2.1755519,.12383521,-.18237591,-.066758394,2,1.4764262,1.2276056,2.5548611,.0049886703,.16772544,.37930918,2,1.6170824,1.2431285,2.7011387,.14065611,.015522957,.14627767,2,1.7128547,1.3230155,3.1179407,.095772386,.079886913,.41680193,2,1.6835363,1.3089331,3.090483,-.029318452,-.014082313,-.027457714,2,1.5391845,1.2077944,2.5553739,-.14435184,-.10113871,-.53510904,2,1.5748039,1.2208405,2.6535466,.035619497,.013046026,.098172665,2,1.8035219,1.3059772,3.1659951,.22871792,.085136771,.51244855,2,1.7510637,1.2451293,3.0093055,-.052458167,-.060847878,-.15668964
Massachusetts,2,2.2811768,1.4360439,3.9511349,2,2.2334013,1.3775986,3.7346742,-.047775507,-.058445215,-.2164607,2,2.2220972,1.3466008,3.6479547,-.01130414,-.030997872,-.086719513,2,1.6757538,1.5070207,3.0120058,-.54634333,.16041994,-.6359489,2,1.6749505,1.5070207,3.0128784,-.0008033514,0,.000872612,2,1.6700369,1.5072106,2.9728487,-.0049135685,.0001899004,-.040029764,2,1.6280414,1.4793501,2.9100707,-.041995525,-.027860522,-.062777996,2,1.973123,1.681124,3.9940519,.34508157,.20177388,1.0839813,2,2.1623151,1.8524054,4.792645,.18919218,.17128146,.79859304,2,2.0158684,1.7782384,4.3320174,-.1464467,-.074167013,-.46062756,2,1.741183,1.5694585,3.4234836,-.27468538,-.20877993,-.90853381,2,1.7230932,1.6789873,3.475446,-.01808989,.10952878,.051962376,2,1.9310241,1.7545496,4.2447858,.20793092,.075562358,.7693398,2,1.9671954,1.9620695,4.4371228,.036171317,.20751989,.19233704,2,1.9421912,1.9116005,4.394187,-.025004148,-.050469041,-.042935848,2,1.9265891,1.9149438,4.384059,-.015602112,.0033433437,-.010128021,2,1.9023904,1.9040573,4.2197633,-.024198771,-.01088655,-.16429567,2,1.9739996,1.9713663,4.5258107,.071609259,.067309022,.30604744,2,1.9091486,1.9585738,4.3093963,-.064851046,-.012792468,-.21641445,2,1.9116641,1.9917365,4.3655777,.0025155544,.033162713,.056181431
Michigan,1,.88994551,.67757285,1.3768054,1,1.3239288,1.5328199,2.6092978,.43398333,.85524702,1.2324923,1,1.3344862,1.5473493,2.6561577,.010557413,.014529467,.04685998,1,1.3151879,1.5438547,2.426904,-.019298315,-.0034946203,-.22925377,1,1.3141645,1.5446043,2.4280822,-.0010234118,.00074958801,.0011782646,1,1.307896,1.5152018,2.4230905,-.0062685013,-.029402494,-.0049917698,1,1.2847252,1.5159695,2.3672807,-.023170829,.00076770782,-.055809736,2,1.256777,1.4085709,2.2079237,-.027948141,-.10739863,-.15935707,2,1.2637935,1.2735314,2.1031482,.0070164204,-.13503945,-.10477543,2,1.450152,1.5492666,2.7429991,.18635857,.27573514,.63985085,2,1.3255974,1.320303,2.2678654,-.12455463,-.22896361,-.47513366,2,1.3167217,1.411705,2.325387,-.0088757277,.091402054,.057521582,2,1.2635273,1.2704953,2.1663241,-.053194404,-.14120972,-.15906286,2,1.3975661,1.4187176,2.5107756,.13403881,.14822233,.34445143,2,1.4029202,1.4611589,2.6072578,.005354166,.042441249,.096482277,2,1.4231904,1.5031973,2.7063062,.020270109,.042038441,.099048376,2,1.4455714,1.5812761,2.7491629,.022381067,.078078747,.042856693,2,1.4718294,1.6107818,2.8589475,.026257992,.02950573,.1097846,2,1.4306673,1.563556,2.7410619,-.041162133,-.047225833,-.11788559,2,1.5154592,1.5573527,2.9588633,.084791899,-.0062032938,.21780133
Minnesota,2,1.8544707,1.289272,2.9504004,2,1.8062644,1.1680944,2.6449831,-.048206329,-.12117755,-.3054173,2,1.8140171,1.1888371,2.7036748,.0077526569,.020742655,.05869174,2,1.8215255,1.0974718,2.4932826,.0075083971,-.091365218,-.21039224,2,1.8207865,1.0974718,2.4938414,-.00073897839,0,.00055885315,2,1.8162675,1.0624624,2.3818042,-.0045189857,-.035009384,-.11203718,2,1.7996539,1.14607,2.5949655,-.016613603,.083607554,.21316123,2,1.77981,1.1401147,2.6480451,-.019843936,-.0059553385,.053079605,2,2.001009,1.5932825,3.9599471,.22119904,.4531678,1.311902,2,1.95789,1.6569444,4.0023775,-.043118954,.063661933,.042430401,2,2.0597339,1.7587496,4.4933791,.10184383,.10180521,.49100161,2,2.1700799,2.0063698,5.1008096,.11034608,.24762022,.60743046,2,1.7955368,1.5023366,3.5972912,-.37454319,-.50403321,-1.5035183,2,2.0751221,1.6719356,4.3518119,.27958536,.16959894,.75452065,2,2.215708,1.7265975,4.9754777,.1405859,.054661989,.62366581,2,2.1931221,1.7321497,4.9976807,-.022585869,.0055521727,.022202969,2,2.1988122,1.7079524,4.7814884,.0056900978,-.02419734,-.21619225,2,2.1212296,1.7353054,4.6521864,-.077582598,.027353048,-.12930202,2,2.112694,1.5600761,4.2679009,-.0085356236,-.17522931,-.38428545,2,2.0775526,1.5573527,4.2434797,-.035141468,-.0027234554,-.024421215
Mississippi,1,1.4910989,1.2530826,3.1524153,1,1.510695,1.2536982,3.2121217,.0195961,.00061559677,.05970645,1,1.5070002,1.2269479,3.1869171,-.0036947727,-.026750326,-.025204659,1,1.51603,1.2671661,3.1732614,.0090297461,.040218234,-.013655663,1,1.5021451,1.2459812,3.1202097,-.013884902,-.021184921,-.05305171,1,1.5097084,1.2728554,3.2237539,.0075633526,.026874185,.10354424,1,1.5157763,1.2356111,3.0737863,.006067872,-.03724432,-.14996767,1,1.5310762,1.2326927,2.9211566,.015299916,-.0029183626,-.15262961,1,1.7792701,1.5035144,3.7128201,.24819386,.27082169,.79166341,1,1.853719,1.5388488,3.9931746,.074448943,.035334349,.2803545,1,1.866199,1.5406234,3.7304726,.012480021,.0017746687,-.26270199,1,1.8172462,1.4635234,3.6343813,-.048952818,-.077100039,-.09609127,1,1.7941712,1.4237056,3.2753677,-.023074985,-.03981781,-.35901356,1,1.8437108,1.4540145,3.6951461,.049539566,.030308962,.41977835,1,1.8871466,1.4401389,3.6225414,.043435812,-.013875604,-.072604656,1,1.9125439,1.4403656,3.6381629,.025397301,.00022661686,.015621424,1,1.919066,1.4639004,3.8385005,.0065220594,.023534894,.20033765,1,1.9185901,1.4312072,3.8009131,-.00047588348,-.032693267,-.037587404,1,1.9846827,1.4826807,4.1157613,.06609261,.051473498,.31484818,1,2.0067408,1.474637,4.0964699,.022058129,-.0080436468,-.019291401
Missouri,1,1.0038373,.979339,1.8741544,1,1.032721,.98012656,1.9350433,.028883696,.00078755617,.060888886,1,1.0462213,1.0026969,1.9919796,.013500214,.022570312,.056936264,1,1.0405097,.99729574,1.8934034,-.0057115555,-.0054011345,-.098576188,1,.90833211,.74328262,1.4497716,-.13217759,-.25401312,-.44363177,1,.92078602,.75240058,1.5021597,.012453914,.0091179609,.052388072,1,.95153618,.76411879,1.4921807,.030750155,.011718214,-.0099790096,1,1.0151203,.87722927,1.6061906,.063584089,.11311048,.11400986,1,1.2849497,.91863418,1.9364038,.26982939,.041404903,.33021319,1,1.3684111,.91363138,2.0686069,.083461404,-.0050027966,.1322031,1,1.3674626,.95497751,1.932078,-.00094842911,.041346133,-.13652885,1,1.3516262,.86547303,1.854363,-.015836477,-.08950448,-.077715039,1,1.0702901,.50517172,.87078792,-.28133607,-.36030132,-.98357505,1,1.1342506,.52428275,1.0502366,.063960552,.019111037,.17944866,1,1.2396824,.55136192,1.1106983,.1054318,.027079165,.06046176,1,1.2780117,.56978309,1.1553333,.038329244,.018421173,.044634938,1,1.2877517,.65577519,1.3911765,.009739995,.085992098,.23584318,1,1.3021882,.63989449,1.3840004,.014436483,-.015880704,-.0071760416,1,1.3693941,1.2034707,2.4197044,.067205906,.56357622,1.035704,1,1.4150969,1.2241848,2.5014584,.045702815,.020714045,.081753969
Montana,1,.90089446,.58991003,1.2461244,1,.93297076,.59121656,1.281424,.032076299,.0013065338,.035299659,1,1.274359,1.0026969,2.4036856,.34138823,.41148031,1.1222615,1,1.2541358,.99729574,2.2896814,-.020223141,-.0054011345,-.11400414,1,1.2373155,.97023612,2.2275555,-.016820312,-.027059615,-.062125921,1,1.2464868,.99926925,2.3252163,.0091712475,.029033124,.09766078,1,1.2538291,.96267062,2.1927931,.0073423386,-.036598623,-.13242316,1,1.2722831,.94579661,2.0549948,.018453956,-.016874015,-.13779831,1,1.2944518,.99693966,2.0645435,.022168756,.05114305,.0095486641,1,1.0778519,.57855183,1.1735497,-.21659994,-.41838783,-.89099383,1,1.1168728,1.0508521,1.7019912,.039020896,.47230023,.52844155,1,1.1063237,1.1015122,1.8061317,-.010549068,.050660133,.10414052,1,1.0951905,1.0958332,1.6592846,-.011133194,-.0056790113,-.14684713,1,1.1407148,1.0384815,1.8187091,.04552424,-.057351708,.15942454,1,1.2337369,1.0742439,1.9252383,.093022108,.035762429,.10652912,1,1.2410386,1.0760976,1.9234134,.0073016882,.0018537045,-.0018248558,1,1.2193177,1.0158213,1.8892003,-.021720886,-.06027627,-.034213066,1,1.2185687,.96811301,1.8460991,-.00074899197,-.047708333,-.043101192,1,1.2901379,.95531547,1.9641703,.071569204,-.012797534,.1180712,1,1.5427085,1.4493035,3.005461,.25257063,.49398804,1.0412906
Nebraska,2,2.0975809,1.3646326,3.4830656,2,2.2246046,1.4251705,3.8343248,.1270237,.060537934,.35125923,2,2.2220972,1.4422206,3.8773005,-.0025074482,.017050028,.042975664,2,2.0873835,1.4391354,3.6042733,-.13471365,-.0030851364,-.27302718,2,2.0961142,1.4391354,3.620862,.0087306499,0,.016588688,2,2.09219,1.4092443,3.5055156,-.0039241314,-.029891133,-.11534643,2,2.2103877,1.5210117,4.0441732,.11819768,.11176741,.53865767,2,2.176316,1.6009434,4.2792029,-.034071684,.079931736,.2350297,2,2.1982877,1.6770087,4.5600729,.021971703,.076065302,.28086996,2,2.1850653,1.7410283,4.68292,-.013222456,.064019561,.12284708,2,2.0066931,1.8582789,4.4591479,-.17837214,.11725056,-.22377205,2,1.5413996,1.5960134,2.9548306,-.46529353,-.26226544,-1.5043173,2,1.6295166,1.4540145,3.1342371,.088117003,-.14199889,.1794064,2,1.5880235,1.5222049,3.012939,-.041493058,.068190336,-.12129807,2,1.3959146,1.2635361,2.4317737,-.19210899,-.25866878,-.58116531,2,1.3883197,1.3053913,2.4966733,-.0075948238,.041855216,.064899683,2,1.3689377,1.3541666,2.4253647,-.019382,.048775315,-.071308613,2,1.2870425,1.4757885,2.3601606,-.081895232,.12162185,-.065204144,2,1.3033686,1.3669748,2.332937,.01632607,-.10881364,-.027223587,2,1.2919619,1.4172792,2.3694115,-.01140666,.050304413,.036474466
Nevada,1,.88994551,.67757285,1.3768054,1,.92240262,.7184732,1.4778754,.032457113,.04090035,.10106993,1,.93749279,.74897045,1.5494822,.015090168,.030497253,.071606874,1,.90981233,.74172384,1.4467313,-.027680457,-.0072466135,-.1027509,1,.90833211,.74328262,1.4497716,-.0014802217,.0015587807,.0030403137,1,.92078602,.75240058,1.5021597,.012453914,.0091179609,.052388072,1,.95153618,.76411879,1.4921807,.030750155,.011718214,-.0099790096,1,1.0151203,.87722927,1.6061906,.063584089,.11311048,.11400986,1,1.3391237,1.249222,2.4238577,.32400346,.37199277,.81766713,1,1.4020293,1.2915323,2.6348941,.06290555,.042310238,.21103644,1,1.4253837,1.3259473,2.4958823,.023354411,.034415007,-.13901186,1,1.4309024,1.3883858,2.6507208,.0055186749,.062438488,.15483856,1,1.4428428,1.3612584,2.4967716,.011940479,-.027127385,-.15394926,1,1.6707562,1.6387761,3.4433546,.22791338,.27751768,.94658303,1,1.8291081,1.8745666,3.9852073,.1583519,.23579049,.54185271,1,1.834041,1.8906752,4.006752,.0049328804,.016108632,.021544695,1,1.8514622,1.9423268,4.1204963,.017421246,.051651597,.11374426,1,1.7019619,1.8084733,3.6220453,-.14950037,-.13385344,-.49845099,1,1.7539157,1.7783778,3.821907,.051953793,-.030095577,.19986176,1,1.7788377,1.8126404,3.9018872,.024922013,.034262657,.079980135
New Hampshire,1,1.271036,1.1368546,2.5239425,1,1.2939692,1.1128459,2.5614266,.022933125,-.024008751,.037484169,1,1.2896537,1.1079817,2.5619707,-.0043154955,-.0048642159,.0005440712,1,1.2696742,1.1030961,2.4345987,-.019979477,-.0048855543,-.12737203,1,1.2686139,1.1041448,2.4369133,-.0010602474,.0010486841,.0023145676,1,1.2775605,1.1264144,2.5152028,.008946538,.022269607,.078289509,1,1.2847252,1.1267617,2.4397645,.0071647167,.00034725666,-.075438261,1,1.3525859,1.1267347,2.4310133,.067860723,-.000026941299,-.0087511539,1,1.3299409,1.1078007,2.2652848,-.022644997,-.018934011,-.16572857,1,1.4176756,1.1036556,2.4460683,.087734699,-.0041451454,.18078351,1,1.5521499,1.3040106,2.7269731,.13447428,.20035505,.28090477,1,1.6415055,1.4877262,3.236289,.089355588,.18371558,.50931597,1,1.4084588,1.1348158,2.1680248,-.23304665,-.3529104,-1.0682642,1,1.4576555,1.1679718,2.4901009,.04919672,.033156037,.32207608,1,1.5569417,1.1806777,2.5733275,.099286199,.012705803,.083226681,1,1.58763,1.1865859,2.6062832,.030688286,.0059082508,.032955647,1,1.5954809,1.2451551,2.8189592,.0078508854,.058569193,.21267605,1,1.5949085,1.236865,2.8258018,-.00057244301,-.0082900524,.0068426132,1,1.6738311,1.3032044,3.1365108,.078922629,.066339374,.310709,1,1.7114232,1.3153363,3.1905191,.037592053,.012131929,.054008245
New Jersey,2,1.4238319,1.2364824,2.2436066,2,1.6050909,1.1392006,2.3299007,.18125892,-.097281814,.086294174,2,1.6138101,1.1604598,2.3860428,.0087192059,.021259189,.056142092,2,1.6101131,1.0022197,2.058048,-.0036969185,-.15824008,-.32799482,2,1.6092771,1.0022197,2.0586128,-.00083601475,0,.00056481361,2,1.6041623,.99295992,2.0055876,-.0051147938,-.0092597604,-.053025246,2,1.5853277,1.0901728,2.214617,-.018834591,.097212851,.20902944,2,1.5627646,1.0181865,2.1344383,-.0225631,-.071986318,-.080178738,2,1.6252052,1.1193008,2.4421687,.062440515,.10111439,.30773044,2,1.5686886,1.1983076,2.5187433,-.056516528,.079006791,.076574564,2,1.5007687,1.2301221,2.5037596,-.06791997,.031814456,-.014983654,2,1.5822023,1.3365587,2.7666309,.081433654,.10643661,.26287127,2,1.3204393,1.0035015,2.0001149,-.26176298,-.33305717,-.76651597,2,1.442443,1.099278,2.2053807,.12200367,.095776439,.20526576,2,1.3941576,1.0471503,2.1495931,-.048285365,-.052127719,-.055787563,2,1.3865532,1.0845593,2.2335918,-.0076044798,.037409067,.08399868,2,1.3814139,1.1088736,2.1643414,-.0051392317,.024314284,-.069250345,2,1.3842984,1.141469,2.2327704,.0028845072,.032595396,.068428993,2,1.5251952,1.2419875,2.5824208,.1408968,.10051847,.34965038,2,1.4959254,1.2112035,2.5263045,-.029269814,-.030784011,-.056116343
New Mexico,1,1.0038373,.979339,1.8741544,1,1.032721,.98012656,1.9350433,.028883696,.00078755617,.060888886,1,1.0462213,1.0026969,1.9919796,.013500214,.022570312,.056936264,1,1.4157079,1.3924954,2.944432,.36948669,.38979852,.95245242,1,1.4285494,1.4131219,2.9880466,.012841463,.020626545,.043614626,1,1.8747036,1.8522881,4.5856109,.44615424,.43916619,1.5975642,1,1.8899968,1.8855519,4.5462828,.015293121,.033263803,-.039328098,1,2.1169434,2.140568,5.3276491,.22694659,.25501609,.78136635,1,2.1211164,2.1510978,5.2493911,.0041730404,.010529757,-.078258038,2,2.280566,2.004813,5.4048414,.15944958,-.14628482,.15545034,2,2.1766031,1.9857492,5.1327734,-.1039629,-.019063711,-.27206802,2,2.1255753,1.7917317,4.6670256,-.051027775,-.19401753,-.46574783,2,2.1428018,1.9290674,5.0977988,.017226458,.13733566,.43077326,2,1.8383855,1.4225434,3.402616,-.3044163,-.50652397,-1.6951828,2,1.9129459,1.4872485,3.8074725,.074560404,.064705133,.40485644,2,1.8763179,1.4562669,3.7340264,-.036628008,-.03098166,-.073446035,2,1.8829656,1.429021,3.5525017,.006647706,-.027245879,-.18152475,2,1.8720356,1.3885069,3.4769769,-.010929942,-.040514112,-.075524807,2,1.8035219,1.3059772,3.1659951,-.068513751,-.082529664,-.31098175,2,1.7510637,1.2451293,3.0093055,-.052458167,-.060847878,-.15668964
New York,2,1.9623523,1.3148723,3.164567,2,1.9066045,1.1962906,2.837836,-.055747747,-.11858165,-.32673097,2,2.1135581,1.4422206,3.6941562,.20695353,.24592996,.85632014,2,2.0826817,1.2666667,3.214201,-.030876398,-.17555392,-.4799552,2,2.0820353,1.2666667,3.2147787,-.00064635277,0,.00057768822,2,2.0686276,1.2479575,3.1110845,-.013407707,-.018709183,-.1036942,2,2.044488,1.2503905,3.1592789,-.024139643,.0024330616,.048194408,2,2.0366924,1.3118361,3.3973849,-.0077955723,.061445594,.23810601,2,2.0696495,1.4319406,3.7869048,.032957077,.12010443,.38951993,2,2.0255718,1.3870964,3.63516,-.044077635,-.044844151,-.15174484,2,2.1310852,1.6682926,4.5419192,.10551333,.28119624,.90675926,2,2.2597136,1.742524,4.9283075,.12862849,.074231386,.3863883,2,2.2324331,1.8244025,5.2659492,-.027280569,.081878424,.33764172,2,2.1754546,1.6357884,4.5243292,-.056978464,-.18861401,-.74162006,2,2.0562074,1.5629067,4.2727709,-.1192472,-.072881699,-.2515583,2,2.041477,1.5900065,4.3518915,-.014730453,.027099729,.079120636,2,2.0379899,1.5139686,4.035789,-.0034871101,-.076037884,-.3161025,2,2.0278957,1.5037569,4.0132079,-.010094166,-.010211706,-.0225811,2,1.9648242,1.4480611,3.7377453,-.063071489,-.055695772,-.27546263,2,2.1755209,1.4889641,4.3145995,.2106967,.040902972,.57685423
North Carolina,1,.90089446,.58991003,1.2461244,1,.93297076,.59121656,1.281424,.032076299,.0013065338,.035299659,1,.9269762,.58200908,1.2680143,-.0059945583,-.0092074871,-.013409734,1,.89897197,.57265353,1.1834841,-.028004229,-.009355545,-.084530234,1,.89747387,.57467115,1.1876538,-.0014981031,.0020176172,.0041697025,1,.91007644,.61393601,1.2899293,.012602568,.039264858,.10227549,1,1.0282907,.7306692,1.5339227,.11821431,.11673319,.2439934,1,1.0175318,.6281172,1.2557994,-.010758996,-.102552,-.27812326,1,1.368095,1.1227447,2.3507462,.35056329,.49462748,1.0949467,1,1.2966775,.98389816,2.0805793,-.07141757,-.13884652,-.27016687,2,1.1556989,1.3203031,1.9239858,-.14097857,.33640492,-.15659344,1,1.3352063,1.4451053,2.4449527,.17950737,.12480223,.52096689,2,1.329688,1.4723213,2.3803818,-.0055183172,.027215958,-.064570904,1,1.321858,1.3848212,2.4123325,-.0078299046,-.087500095,.031950712,1,1.3531188,1.415627,2.4520893,.031260729,.030805826,.039756775,1,1.3452823,1.4111412,2.4291744,-.0078364611,-.0044858456,-.022914886,1,1.3252711,1.2781802,2.3410599,-.020011187,-.13296092,-.0881145,1,1.2659212,1.2664554,2.2428367,-.059349895,-.01172483,-.098223209,1,1.2515657,1.1581014,2.1629496,-.01435554,-.10835397,-.079887152,1,1.2297572,1.1297814,2.0782084,-.021808505,-.028320074,-.084741116
North Dakota,1,.90089446,.58991003,1.2461244,1,.93297076,.59121656,1.281424,.032076299,.0013065338,.035299659,1,1.227332,.91582453,2.1954334,.29436123,.32460797,.91400933,1,1.2384025,.96904242,2.2248149,.01107049,.053217888,.029381514,1,1.5021451,1.2459812,3.1202097,.26374257,.2769388,.8953948,1,1.5097084,1.2728554,3.2237539,.0075633526,.026874185,.10354424,1,1.5157763,1.2356111,3.0737863,.006067872,-.03724432,-.14996767,1,1.5310762,1.2326927,2.9211566,.015299916,-.0029183626,-.15262961,1,1.549547,1.2624931,2.8770747,.018470764,.029800415,-.044081926,1,1.6404806,1.2915323,3.1435046,.090933681,.029039145,.2664299,1,1.5121574,1.1554476,2.451946,-.1283232,-.13608468,-.6915586,1,1.617439,1.3624194,3.044302,.10528159,.20697176,.59235597,1,1.380335,.96952623,1.8881457,-.23710406,-.39289314,-1.1561563,1,1.4441413,1.0384816,2.2766771,.063806295,.068955362,.38853145,1,1.531547,1.0742439,2.3602321,.087405682,.03576231,.083554983,1,1.562734,1.0760976,2.3816769,.031187057,.0018537045,.021444798,1,1.5707095,1.1198728,2.5762191,.0079754591,.043775201,.19454217,1,1.5701278,1.0767845,2.5182991,-.00058162212,-.043088317,-.057919979,1,1.6502361,1.1581014,2.8493538,.080108285,.081316948,.33105469,1,1.6883537,1.1660786,2.8879416,.038117528,.007977128,.038587809
Ohio,1,1.199609,.97933906,2.2179143,1,1.2238814,1.0080693,2.305618,.024272323,.028730214,.087703705,1,1.2352941,1.0300275,2.366823,.01141274,.021958232,.06120491,1,1.246294,1.0776203,2.3620405,.010999918,.047592759,-.0047824383,1,1.2452139,1.0786937,2.3643935,-.0010801554,.0010734797,.002352953,1,1.2543273,1.0898294,2.4335113,.009113431,.011135697,.069117785,1,1.2770714,1.0880613,2.3871672,.02274406,-.0017681122,-.046344042,1,1.3251262,1.1809027,2.4336996,.048054814,.092841387,.046532393,1,1.3464249,1.2085345,2.4035001,.021298766,.02763176,-.030199528,1,1.4365672,1.2654599,2.6830928,.09014225,.056925416,.27959275,1,1.4593689,1.2513306,2.4848289,.022801757,-.014129281,-.19826388,1,1.4647596,1.3624192,2.7075603,.0053906441,.11108863,.22273135,1,1.4563692,1.2958053,2.451246,-.0083904266,-.066613913,-.25631428,1,1.2395661,1.105125,2.0422201,-.21680307,-.19068038,-.40902591,2,1.5251323,1.6350678,2.9944515,.28556621,.52994287,.95223141,2,1.5181839,1.6245712,2.9990773,-.0069483519,-.010496616,.0046257973,2,1.5134917,1.670958,2.9623613,-.0046921968,.046386838,-.036715984,2,1.4718294,1.6043019,2.8558035,-.041662335,-.066656113,-.10655785,1,1.4595007,1.6588893,2.8832211,-.012328744,.054587364,.02741766,2,1.5170757,1.6734239,3.0333159,.057574987,.014534593,.15009475
Oklahoma,1,.88994551,.67757285,1.3768054,1,.92240262,.7184732,1.4778754,.032457113,.04090035,.10106993,1,.93749279,.74897045,1.5494822,.015090168,.030497253,.071606874,1,1.5606414,1.4888992,3.418349,.62314862,.73992878,1.8688668,1,1.5471569,1.4709114,3.3770509,-.013484478,-.017987847,-.041298151,1,1.5290661,1.4420888,3.3556206,-.018090844,-.028822541,-.021430254,1,1.5350574,1.4386076,3.2768931,.0059913397,-.0034812689,-.078727484,1,1.5752617,1.527099,3.2808294,.040204287,.08849144,.0039362907,1,1.6342287,1.5739194,3.3706021,.058966994,.046820402,.089772701,2,1.9071589,1.8471956,4.1447721,.27293015,.27327621,.77416992,2,1.9077635,1.9450451,4.2083211,.00060462952,.097849488,.063549042,2,1.806424,1.9763489,3.91677,-.10133946,.031303763,-.29155111,2,1.772179,1.8145882,3.7574716,-.034245014,-.16176069,-.15929842,2,1.7227584,1.8944253,3.6368954,-.049420595,.079837084,-.12057614,2,1.7128547,1.8862827,3.6155667,-.0099036694,-.0081425905,-.021328688,2,1.7181214,1.9076772,3.648597,.0052666664,.021394491,.033030272,1,1.7253788,1.8243326,3.6678162,.0072573423,-.083344579,.01921916,1,1.7600155,1.8664242,3.8244781,.034636736,.042091608,.15666199,1,1.7775134,1.8521569,3.9191024,.017497897,-.014267325,.094624281,1,1.7857137,1.8655052,3.9428034,.0082002878,.013348341,.023700953
Oregon,1,1.2863702,1.2079341,2.6081932,1,1.3090347,1.2085727,2.6746831,.022664547,.00063860416,.066489935,1,1.0462213,1.0026969,1.9919796,-.26281345,-.20587587,-.6827035,1,1.0405097,.99729574,1.8934034,-.0057115555,-.0054011345,-.098576188,1,1.0579153,1.0258992,1.947708,.017405629,.028603435,.0543046,1,1.0686274,1.0127023,1.9852873,.010712028,-.013196826,.037579298,1,1.1129934,1.0880613,2.0539522,.044366002,.075358987,.068664908,1,1.1678194,1.1809027,2.1106794,.054826021,.092841387,.056727171,1,1.208271,1.2358083,2.1414938,.040451646,.054905534,.030814409,1,1.359426,1.5920811,2.5860033,.15115499,.35627282,.44450951,1,1.3548579,1.5280901,2.4369087,-.0045681,-.063990951,-.14909458,2,1.3461751,1.4421746,2.4066422,-.008682847,-.085915565,-.030266523,2,1.3516262,1.4904029,2.4394901,.0054510832,.048228383,.032847881,2,1.6471171,1.5679325,3.1940725,.29549098,.07752955,.75458241,2,1.6307548,1.135267,2.6561365,-.016362309,-.43266547,-.53793597,2,1.8233185,1.3507098,3.4413476,.19256365,.21544278,.78521109,2,1.8301586,1.3386936,3.2878199,.0068401098,-.012016177,-.15352774,2,1.8189114,1.2953576,3.2051733,-.011247158,-.043336034,-.082646608,2,1.9244926,1.3549949,3.4787233,.10558116,.059637308,.27355003,2,1.8858473,1.3417702,3.4326575,-.038645267,-.013224721,-.046065807
Pennsylvania,2,1.4976593,1.0306417,2.0070906,2,1.4910989,1.1392004,2.1862173,-.0065604448,.10855877,.17912674,2,1.5004805,1.1604596,2.2405057,.0093816519,.021259189,.054288387,2,1.5095491,1.0666666,2.0564327,.0090686083,-.093793035,-.18407297,2,1.5215988,1.0666666,2.0723801,.012049675,0,.015947342,2,1.5290661,1.1276895,2.1536176,.0074672699,.061022878,.081237555,2,1.5350574,1.14607,2.2461278,.0059913397,.018380523,.092510223,2,1.537466,1.1167945,2.2735837,.0024086237,-.029275537,.027455807,2,1.6536108,1.4809831,3.0569139,.11614478,.36418867,.7833302,2,1.5097721,1.3346082,2.6248236,-.14383876,-.14637494,-.43209028,2,1.3476024,1.242256,2.2423103,-.16216969,-.092352152,-.38251328,2,1.3241465,1.0801964,1.9998561,-.023455858,-.16205966,-.24245417,2,1.3017451,1.1525815,2.1478224,-.022401452,.072385073,.14796627,2,1.3548224,1.3560408,2.3723302,.05307734,.20345938,.22450781,2,1.6034732,1.5065193,3.114526,.24865079,.15047848,.74219584,2,1.5845394,1.4877183,3.0938292,-.018933773,-.018800974,-.020696878,2,1.5924056,1.5139686,3.046958,.0078661442,.026250243,-.046871185,2,1.5794661,1.5380025,3.0660999,-.012939453,.024033904,.019141912,2,1.6427932,1.5877008,3.2531765,.063327074,.049698353,.18707657,2,1.6337579,1.6099732,3.2858031,-.0090352297,.022272348,.032626629
Rhode Island,2,1.9623523,1.5902479,3.7155709,2,1.9168611,1.5376749,3.5379829,-.045491219,-.052572966,-.17758799,2,1.9343314,1.3711309,3.2494683,.01747036,-.16654396,-.28851461,2,1.7557507,1.2666667,2.7347291,-.17858076,-.10446429,-.51473927,2,1.7661214,1.2666667,2.7516522,.010370731,0,.016923189,2,1.7614621,1.3039383,2.7780554,-.0046592951,.037271619,.026403189,2,1.7443267,1.2503905,2.7184811,-.017135382,-.05354774,-.059574366,2,1.3830481,1.3513613,2.3724113,-.36127865,.10097075,-.34606981,2,1.4498538,1.3329082,2.4855151,.06680572,-.018453121,.11310387,2,1.5387161,1.2799696,2.5974412,.0888623,-.052938581,.11192608,2,1.6426761,1.3722974,2.9630127,.10396004,.092327833,.3655715,2,1.593009,.99644929,2.2279153,-.04966712,-.37584811,-.73509741,2,1.5852973,1.1369827,2.6252449,-.0077116489,.14053339,.39732957,2,1.4028175,1.0330091,2.0493157,-.18247986,-.10397363,-.57592916,2,1.4860623,1.0653569,2.313076,.083244801,.032347798,.26376033,2,1.4789306,1.1098758,2.416707,-.0071316957,.044518948,.10363102,2,1.4741133,1.0994395,2.2873073,-.0048172474,-.010436296,-.12939978,2,1.4867413,1.1230694,2.3607776,.012627959,.023629904,.073470354,2,1.4134316,1.1272949,2.239984,-.07330966,.0042254925,-.12079358,2,1.4029202,1.1762996,2.3275561,-.010511398,.049004674,.087572098
South Carolina,1,.90089446,.58991003,1.2461244,1,.93297076,.59121656,1.281424,.032076299,.0013065338,.035299659,1,.9269762,.58200908,1.2680143,-.0059945583,-.0092074871,-.013409734,1,.89897197,.57265353,1.1834841,-.028004229,-.009355545,-.084530234,1,.89747387,.57467115,1.1876538,-.0014981031,.0020176172,.0041697025,1,.91007644,.61393601,1.2899293,.012602568,.039264858,.10227549,1,.92010736,.57160711,1.1698378,.010030925,-.042328894,-.12009144,1,.94510007,.51916397,1.0155168,.024992704,-.052443147,-.15432107,1,1.41564,1.1592623,2.4825997,.47053993,.64009833,1.467083,1,1.5194813,1.204736,2.7748156,.1038413,.045473695,.29221582,1,1.5056602,1.1882685,2.4877701,-.013821125,-.016467452,-.28704548,1,1.8453523,1.4635234,3.7010319,.33969212,.27525485,1.2132618,1,1.8306838,1.404489,3.317225,-.014668465,-.059034348,-.38380694,1,1.874037,1.4354745,3.7359946,.0433532,.030985475,.4187696,1,2.1345775,1.6625282,4.5880218,.26054049,.22705364,.85202718,1,2.1570632,1.6556931,4.5845094,.022485733,-.006835103,-.0035123825,1,2.1628482,1.7117363,4.8730702,.0057849884,.056043267,.28856087,1,2.1556146,1.6893518,4.8372087,-.0072336197,-.022384524,-.035861492,1,2.0586367,1.8327729,4.8336501,-.096977949,.14342105,-.0035586357,1,2.0751917,1.8354833,4.8447766,.016555071,.0027104616,.011126518
South Dakota,1,.90089446,.58991003,1.2461244,1,.93297076,.59121656,1.281424,.032076299,.0013065338,.035299659,1,.9269762,.58200908,1.2680143,-.0059945583,-.0092074871,-.013409734,1,.89897197,.57265353,1.1834841,-.028004229,-.009355545,-.084530234,1,.89747387,.57467115,1.1876538,-.0014981031,.0020176172,.0041697025,1,.91007644,.61393601,1.2899293,.012602568,.039264858,.10227549,1,.92010736,.57160711,1.1698378,.010030925,-.042328894,-.12009144,1,.94510007,.51916397,1.0155168,.024992704,-.052443147,-.15432107,1,.95441067,.57203341,1.0522596,.0093106031,.052869439,.036742806,1,1.0778519,.57855183,1.1735497,.12344122,.0065184236,.12129009,1,1.0902207,.64185846,1.152346,.012368798,.06330663,-.021203637,1,1.0974263,.70643002,1.3243726,.0072056055,.064571559,.17202663,1,1.0862019,.61217946,1.0488811,-.011224389,-.09425056,-.2754916,1,1.1492772,.65998995,1.3022381,.063075304,.047810495,.25335705,1,1.2573504,.68847656,1.373703,.10807323,.028486609,.071464896,1,1.295157,.7009418,1.4100327,.037806511,.012465239,.036329746,1,1.3047689,.79024404,1.6529961,.0096119642,.089302242,.24296331,1,1.3190192,.77711606,1.6581829,.014250278,-.013127983,.0051867962,1,1.4134318,.87736565,1.989195,.094412565,.10024959,.33101213,1,1.3440315,.89158541,1.9018893,-.069400311,.014219761,-.087305665
Tennessee,1,1.0135567,.92086577,1.840708,1,1.0421711,.89105636,1.8615283,.028614402,-.029809415,.02082026,1,1.0368081,.884974,1.8591477,-.0053629875,-.006082356,-.0023806095,1,1.0310445,.87884957,1.7732543,-.0057636499,-.0061244369,-.085893393,1,1.0486072,.91117889,1.8384851,.017562747,.032329321,.065230846,1,1.0594133,.91453636,1.8901684,.010806084,.00335747,.051683307,1,.92010736,.57160711,1.1698378,-.13930595,-.34292924,-.7203306,1,.94510007,.51916397,1.0155168,.024992704,-.052443147,-.15432107,1,1.3752424,1.3014948,2.5412028,.43014228,.78233087,1.525686,1,1.4719601,1.5334238,2.9392323,.096717715,.23192894,.39802957,2,1.4810412,1.6349924,2.7900379,.0090811253,.10156858,-.14919448,1,1.642998,1.6143688,3.333838,.16195679,-.020623565,.54380012,2,1.6219786,1.7848213,3.2362936,-.02101934,.17045248,-.097544432,1,1.4097888,1.4040303,2.6274097,-.21218979,-.38079095,-.60888386,1,1.4391408,1.4120907,2.6346521,.02935195,.0080603361,.0072424412,1,1.4589077,1.4111412,2.664464,.019766927,-.00094950199,.029811859,1,1.4674475,1.3589362,2.7038281,.0085397959,-.052204967,.0393641,1,1.5080202,1.3615834,2.8175626,.040572643,.0026471615,.11373448,1,1.553852,1.3370219,2.9369297,.0458318,-.024561405,.11936712,1,1.5679226,1.3431991,2.9429083,.01407063,.006177187,.0059785843
Texas,1,1.592828,1.6031893,3.5832465,1,2.1069081,2.1120245,5.5736818,.51408005,.5088352,1.9904354,1,2.0949216,2.0962563,5.5514522,-.011986494,-.01576829,-.022229671,1,2.0542433,2.0803683,5.2096972,-.040678263,-.015887976,-.34175491,1,2.0344021,2.0540535,5.1437993,-.019841194,-.026314735,-.065897942,1,2.0206785,2.0264864,5.1324711,-.013723612,-.027567148,-.01132822,1,2.0252159,2.0243921,5.0866156,.004537344,-.0020942688,-.045855522,2,2.1942613,2.0862629,5.1976976,.16904545,.061870813,.11108208,2,2.4038608,2.2499685,6.1318235,.20959949,.16370559,.9341259,2,2.2902179,2.0719759,5.5408945,-.11364293,-.17799258,-.59092903,2,2.2134511,2.0082829,5.2799063,-.076766729,-.063693047,-.26098824,2,2.1632926,1.9120551,4.9541521,-.050158501,-.096227765,-.32575417,2,2.1553471,1.9290675,5.1412539,-.0079455376,.017012358,.18710184,2,2.11953,1.8742359,4.7875161,-.035817146,-.054831624,-.35373783,2,2.0775523,1.9116005,4.8337417,-.041977644,.037364602,.046225548,2,2.0629742,1.9125246,4.8413649,-.014578104,.00092411041,.0076231956,2,2.0595236,1.9738966,4.7728753,-.0034506321,.061372042,-.068489552,2,2.0121219,1.8738422,4.5480533,-.047401667,-.10005438,-.22482204,2,1.973537,1.9108189,4.4601731,-.038584948,.036976695,-.087880135,2,1.9459734,1.8731471,4.3775535,-.027563572,-.037671804,-.082619667
Utah,1,1.0135567,.92086577,1.840708,1,1.0421711,.89105636,1.8615283,.028614402,-.029809415,.02082026,1,1.3849579,1.2930846,2.9335263,.34278679,.40202826,1.071998,1,1.3226213,1.245052,2.6522174,-.062336564,-.048032641,-.28130889,1,1.3216035,1.2459812,2.6541967,-.0010178089,.00092923641,.001979351,1,1.6163393,1.5504659,3.6550894,.29473579,.30448472,1.0008926,1,1.6220083,1.5714935,3.5795836,.0056689978,.021027565,-.075505733,1,1.6363152,1.567492,3.4809055,.014306903,-.0040014982,-.098678112,1,1.6931573,1.6157213,3.5662749,.056842089,.048229337,.085369349,1,1.7517499,1.7033464,3.8386936,.058592558,.087625027,.27241874,1,1.9128957,1.8156536,4.1654115,.16114581,.11230719,.32671785,1,2.0312343,1.9454454,4.7625327,.11833858,.12979186,.59712124,1,2.0300274,1.8722175,4.4782023,-.0012068748,-.073227882,-.28433037,1,1.9269134,1.8631428,4.3702083,-.10311401,-.009074688,-.10799408,1,1.9784498,1.8531055,4.4288483,.051536441,-.010037303,.058640003,1,1.9830112,1.8460732,4.4125805,.0045614243,-.0070323944,-.016267776,1,1.9444417,1.970722,4.4616008,-.03856957,.12464881,.04902029,1,1.7361801,1.8389364,3.7400029,-.20826161,-.13178551,-.72159791,1,1.7871394,1.8473299,3.9513609,.050959349,.0083934069,.21135807,1,1.8007483,1.8329593,3.980947,.013608932,-.014370561,.029586077
Vermont,1,1.0038373,.979339,1.8741544,1,1.032721,.98012656,1.9350433,.028883696,.00078755617,.060888886,1,1.0462213,1.0026969,1.9919796,.013500214,.022570312,.056936264,1,1.0405097,.99729574,1.8934034,-.0057115555,-.0054011345,-.098576188,1,1.0579153,1.0258992,1.947708,.017405629,.028603435,.0543046,1,1.0686274,1.0127023,1.9852873,.010712028,-.013196826,.037579298,1,1.1129934,1.0880613,2.0539522,.044366002,.075358987,.068664908,1,1.1678194,1.1809027,2.1106794,.054826021,.092841387,.056727171,1,1.0427704,.92766136,1.6202115,-.125049,-.25324136,-.49046791,1,1.1568211,1.0006942,1.8962303,.11405075,.073032796,.27601886,1,1.4660715,1.4238564,2.665009,.30925035,.42316222,.76877868,2,1.5619342,1.3160704,2.7014182,.095862746,-.10778594,.03640914,2,1.314859,1.1369827,2.1549213,-.2470752,-.17908776,-.54649687,2,1.5489575,1.391644,2.7857277,.23409843,.25466132,.63080645,2,1.4459372,1.4611589,2.7076817,-.10302031,.069514871,-.078046083,2,1.4110837,1.4044803,2.6242816,-.034853458,-.056678534,-.083400011,2,1.4060341,1.429021,2.5631227,-.0050495863,.024540663,-.061158895,2,1.4933211,1.3885069,2.7291028,.087286949,-.040514112,.1659801,2,1.4340895,1.4177181,2.6326616,-.05923152,.029211164,-.096441269,2,1.4098911,1.4025028,2.5989149,-.024198413,-.015215278,-.033746719
Virginia,1,1.3386571,1.3179084,2.7839463,1,1.345961,1.2972549,2.8117168,.007303834,-.020653486,.027770519,1,1.3418126,1.2930847,2.817224,-.0041483641,-.0041701794,.0055072308,1,1.3519462,1.3313063,2.7513666,.010133624,.038221598,-.06585741,1,1.3509505,1.3321755,2.7531629,-.0009957552,.00086915493,.0017962456,1,1.3593553,1.3350366,2.8050199,.008404851,.0028611422,.051856995,1,1.3660913,1.3248796,2.7516308,.0067359209,-.010156989,-.053389072,1,1.4471332,1.3989394,2.8696184,.081041932,.074059725,.11798763,1,1.4582818,1.3882444,2.7939441,.011148572,-.010694981,-.075674295,1,1.595029,1.5388488,3.2885642,.13674724,.15060437,.49462008,1,1.4744067,1.3331792,2.6033547,-.12062228,-.20566952,-.68520951,1,1.4394413,1.2883159,2.5848382,-.034965396,-.044863343,-.018516541,2,1.4240344,1.5777067,2.6393845,-.015406966,.2893908,.054546356,1,1.4304993,1.4904029,2.718904,.0064649582,-.087303758,.07951951,2,1.508976,1.6985245,2.9585547,.078476667,.20812154,.23965073,2,1.501953,1.7079256,2.9539309,-.0070229769,.009401083,-.0046238899,1,1.4840559,1.5853627,2.8855927,-.017897129,-.12256289,-.068338156,1,1.3682706,1.3615834,2.5209346,-.11578524,-.22377932,-.36465812,1,1.3549999,1.2614274,2.4530349,-.013270736,-.10015595,-.067899704,1,1.3728991,1.2540743,2.458118,.017899156,-.0073530674,.0050830841
Washington,2,2.4788997,1.6110728,4.7468796,2,2.4350069,1.5158423,4.4236126,-.04389286,-.09523046,-.32326698,2,2.4327164,1.4877276,4.3529592,-.0022904873,-.028114676,-.070653439,2,2.4463487,1.6343534,4.7164426,.013632298,.14662576,.36348343,2,2.4457984,1.6343534,4.7170978,-.00055027008,0,.00065517426,2,2.426327,1.5991867,4.5380263,-.019471407,-.03516674,-.17907143,2,2.4057794,1.601086,4.6042271,-.020547628,.0018993616,.066200733,2,2.399158,1.6967053,4.9705157,-.0066213608,.095619321,.36628866,2,2.2985754,1.8002582,5.0473266,-.1005826,.10355282,.076810837,2,2.2676325,1.7647982,4.9292517,-.030942917,-.035459995,-.11807489,2,2.3456998,1.9450451,5.6154428,.078067303,.18024695,.68619108,2,2.2422922,1.7173913,4.8354902,-.10340762,-.22765386,-.77995253,2,2.23682,1.8535336,5.3220396,-.0054721832,.13614237,.48654938,2,2.2939081,1.7009395,4.9402223,.057088137,-.15259409,-.38181734,2,2.3582458,1.8135135,5.5346341,.06433773,.11257398,.59441185,2,2.3286326,1.8079994,5.5209599,-.029613256,-.0055141449,-.013674259,2,2.3255763,1.720107,5.1268845,-.0030562878,-.087892413,-.39407539,2,2.2997458,1.6617115,4.9574194,-.025830507,-.058395505,-.16946507,2,2.2267854,1.5354968,4.4630804,-.072960377,-.12621462,-.49433899,2,2.1845152,1.5166895,4.3949404,-.042270184,-.018807292,-.06814003
West Virginia,1,.88994551,.67757285,1.3768054,1,.92240262,.7184732,1.4778754,.032457113,.04090035,.10106993,1,.93749279,.74897045,1.5494822,.015090168,.030497253,.071606874,1,.90981233,.74172384,1.4467313,-.027680457,-.0072466135,-.1027509,1,.90833211,.74328262,1.4497716,-.0014802217,.0015587807,.0030403137,1,.92078602,.75240058,1.5021597,.012453914,.0091179609,.052388072,1,.95153618,.76411879,1.4921807,.030750155,.011718214,-.0099790096,1,1.0151203,.87722927,1.6061906,.063584089,.11311048,.11400986,1,1.0427704,.92766136,1.6202115,.027650118,.050432086,.01402092,1,1.1568211,1.0006942,1.8962303,.11405075,.073032796,.27601886,1,1.1850179,1.0135911,1.7623664,.028196812,.012896895,-.13386393,1,1.1916504,1.1334715,1.9751011,.0066324472,.11988044,.2127347,1,1.1667079,.99716043,1.6557115,-.024942517,-.13631105,-.31938958,1,1.2256471,1.0298479,1.9361411,.058939219,.032687426,.2804296,1,1.3238199,1.0695794,2.0499811,.098172784,.039731503,.11383998,2,1.2069976,1.3609536,2.1481175,-.11682224,.29137421,.098136425,1,1.089824,1.1157311,1.7934375,-.11717367,-.24522245,-.35468006,1,1.0889858,1.0724765,1.7821465,-.00083816051,-.043254614,-.011291027,1,1.1344624,.97382843,1.7815686,.045476556,-.098648071,-.00057780743,1,1.1726243,.9900049,1.8322707,.038161993,.016176462,.050702095
Wisconsin,1,1.5300401,1.6875999,3.2295487,1,1.5491438,1.6880572,3.332696,.019103646,.00045728683,.10314727,1,1.558176,1.7012612,3.3797629,.0090322495,.013203979,.047066927,1,1.3446751,1.3924954,2.7160604,-.21350098,-.30876577,-.66370249,1,1.3581883,1.4131221,2.7562926,.013513207,.020626664,.040232182,1,1.3665485,1.4041054,2.8032815,.0083602667,-.009016633,.046988964,2,1.646008,1.5210117,3.0030501,.27945948,.11690629,.19976854,2,1.6242881,1.4454533,2.920399,-.021719933,-.075558424,-.082651138,2,1.6417105,1.3811578,2.8951283,.017422438,-.06429553,-.0252707,2,1.8590003,1.3346082,3.232964,.21728981,-.046549559,.33783579,2,1.9534667,1.5307515,3.8761525,.094466329,.19614327,.64318848,2,1.593009,.99644929,2.2279153,-.36045766,-.53430218,-1.6482372,2,1.4978518,1.0970159,2.4139719,-.095157146,.10056657,.18605661,2,1.5185955,1.2121392,2.4904375,.020743608,.11512339,.076465607,2,1.4644643,1.2248958,2.5114846,-.05413115,.012756586,.021047115,2,1.4572268,1.2473565,2.5688639,-.0072375536,.022460699,.057379246,2,1.4657764,1.2584782,2.5007198,.0085496902,.011121631,-.068144083,2,1.4517088,1.2872909,2.5331936,-.01406765,.028812766,.032473803,2,1.4544539,1.448061,2.7028966,.0027451515,.16077006,.16970301,2,1.4711436,1.488964,2.803417,.016689658,.040902972,.10052037
Wyoming,1,1.2939692,1.1610314,2.594991,1,1.3165028,1.1375331,2.6346712,.022533655,-.023498297,.039680243,1,1.3122613,1.1327749,2.6355791,-.0042414665,-.0047581196,.00090789795,1,1.3373642,1.1762176,2.6487393,.025102854,.043442607,.013160229,1,1.3509505,1.2005657,2.7035694,.013586283,.02434814,.054830074,1,1.3593553,1.2074761,2.772383,.008404851,.0069104433,.068813562,1,1.3803699,1.2356111,2.7458594,.021014571,.028134942,-.02652359,1,1.3971534,1.2326927,2.6331825,.016783476,-.0029183626,-.11267686,1,1.4173703,1.2624931,2.5999174,.020216942,.029800415,-.033265114,1,1.5032644,1.2915323,2.8520403,.085894108,.029039145,.25212288,1,1.6306961,1.396583,3.0028808,.12743163,.10505068,.15084052,1,1.5173607,1.3624194,2.8242722,-.11333537,-.034163594,-.17860866,1,1.5221988,1.2958052,2.5706592,.004838109,-.066614151,-.253613,1,1.5926468,1.3653419,3.0067656,.070448041,.069536686,.43610644,1,1.6065273,1.5855598,3.1636345,.013880491,.22021794,.15686893,1,1.6242586,1.5783914,3.1896305,.017731309,-.0071684122,.02599597,1,1.6439046,1.5618261,3.2979198,.019645929,-.016565323,.10828924,1,1.6313736,1.5312252,3.2672744,-.012530923,-.030600905,-.03064537,1,1.6855048,1.5300978,3.4543905,.05413115,-.0011273623,.18711615,1,1.6825367,1.696543,3.5520933,-.0029680729,.16644514,.097702742
