state_cluster_id,lag_cluster,id_no,state,id,year,total_distance,medoid_rank1,medoid_rank2,noswitch,switched,n_noswitch,n_switched,flag
1,,1,Alabama,AL,2000,1.75,19.5,,1,0,51,0,0
1,,2,Alaska,AK,2000,1.25,5,,1,0,51,0,0
1,,3,Arizona,AZ,2000,1.3611112,13.5,,1,0,51,0,0
1,,4,Arkansas,AR,2000,1.9722223,26,,1,0,51,0,0
2,,5,California,CA,2000,3.7333331,,11,1,0,51,0,0
1,,6,Colorado,CO,2000,2.1944444,27,,1,0,51,0,0
2,,7,Connecticut,CT,2000,2.8666666,,1.5,1,0,51,0,0
2,,8,Delaware,DE,2000,3.3333335,,4.5,1,0,51,0,0
1,,9,District of Columbia,DC,2000,1.3611112,13.5,,1,0,51,0,0
1,,10,Florida,FL,2000,1.25,5,,1,0,51,0,0
1,,11,Georgia,GA,2000,1.75,19.5,,1,0,51,0,0
2,,12,Hawaii,HI,2000,3.6666665,,9.5,1,0,51,0,0
1,,13,Idaho,ID,2000,2.5833335,33,,1,0,51,0,0
2,,14,Illinois,IL,2000,4.3333335,,13.5,1,0,51,0,0
1,,15,Indiana,IN,2000,2.4722223,31.5,,1,0,51,0,0
1,,16,Iowa,IA,2000,1.3611112,13.5,,1,0,51,0,0
1,,17,Kansas,KS,2000,1.3611112,13.5,,1,0,51,0,0
1,,18,Kentucky,KY,2000,1.25,5,,1,0,51,0,0
1,,19,Louisiana,LA,2000,1.25,5,,1,0,51,0,0
2,,20,Maine,ME,2000,3.3333333,,3,1,0,51,0,0
2,,21,Maryland,MD,2000,3.3999999,,6,1,0,51,0,0
2,,22,Massachusetts,MA,2000,3.8666663,,12,1,0,51,0,0
1,,23,Michigan,MI,2000,1.3611112,13.5,,1,0,51,0,0
2,,24,Minnesota,MN,2000,3.4666667,,7,1,0,51,0,0
1,,25,Mississippi,MS,2000,2.4722223,31.5,,1,0,51,0,0
1,,26,Missouri,MO,2000,1.8611112,23.5,,1,0,51,0,0
1,,27,Montana,MT,2000,1.25,5,,1,0,51,0,0
2,,28,Nebraska,NE,2000,3.6666665,,9.5,1,0,51,0,0
1,,29,Nevada,NV,2000,1.3611112,13.5,,1,0,51,0,0
1,,30,New Hampshire,NH,2000,2.1944447,28,,1,0,51,0,0
2,,31,New Jersey,NJ,2000,3.3333335,,4.5,1,0,51,0,0
1,,32,New Mexico,NM,2000,1.8611112,23.5,,1,0,51,0,0
2,,33,New York,NY,2000,3.5333333,,8,1,0,51,0,0
1,,34,North Carolina,NC,2000,1.25,5,,1,0,51,0,0
1,,35,North Dakota,ND,2000,1.25,5,,1,0,51,0,0
1,,36,Ohio,OH,2000,1.8611112,23.5,,1,0,51,0,0
1,,37,Oklahoma,OK,2000,1.3611112,13.5,,1,0,51,0,0
1,,38,Oregon,OR,2000,2.3611112,30,,1,0,51,0,0
2,,39,Pennsylvania,PA,2000,2.8666666,,1.5,1,0,51,0,0
2,,40,Rhode Island,RI,2000,4.3333335,,13.5,1,0,51,0,0
1,,41,South Carolina,SC,2000,1.25,5,,1,0,51,0,0
1,,42,South Dakota,SD,2000,1.25,5,,1,0,51,0,0
1,,43,Tennessee,TN,2000,1.75,19.5,,1,0,51,0,0
1,,44,Texas,TX,2000,3.4722221,35,,1,0,51,0,0
1,,45,Utah,UT,2000,1.75,19.5,,1,0,51,0,0
1,,46,Vermont,VT,2000,1.8611112,23.5,,1,0,51,0,0
1,,47,Virginia,VA,2000,2.6388891,34,,1,0,51,0,0
2,,48,Washington,WA,2000,4.3999996,,15,1,0,51,0,0
1,,49,West Virginia,WV,2000,1.3611112,13.5,,1,0,51,0,0
1,,50,Wisconsin,WI,2000,3.75,36,,1,0,51,0,0
1,,51,Wyoming,WY,2000,2.25,29,,1,0,51,0,0
1,1,1,Alabama,AL,2001,1.9166667,19,,1,0,49,2,0
1,1,2,Alaska,AK,2001,1.4166667,5,,1,0,49,2,0
1,1,3,Arizona,AZ,2001,1.5833335,12.5,,1,0,49,2,0
1,1,4,Arkansas,AR,2001,2.1388891,24,,1,0,49,2,0
2,2,5,California,CA,2001,4.7999997,,15,1,0,49,2,0
1,1,6,Colorado,CO,2001,2.3055556,25,,1,0,49,2,0
2,2,7,Connecticut,CT,2001,3.1999998,,2,1,0,49,2,0
2,2,8,Delaware,DE,2001,3.5333333,,6,1,0,49,2,0
2,1,9,District of Columbia,DC,2001,4.5333338,,14,0,1,49,2,0
1,1,10,Florida,FL,2001,1.4166667,5,,1,0,49,2,0
1,1,11,Georgia,GA,2001,1.8611112,17,,1,0,49,2,0
1,2,12,Hawaii,HI,2001,3.5833333,34,,0,1,49,2,0
1,1,13,Idaho,ID,2001,2.8055553,32,,1,0,49,2,0
2,2,14,Illinois,IL,2001,4.2666664,,12.5,1,0,49,2,0
1,1,15,Indiana,IN,2001,2.6388888,29.5,,1,0,49,2,0
1,1,16,Iowa,IA,2001,1.5833335,12.5,,1,0,49,2,0
1,1,17,Kansas,KS,2001,1.5833335,12.5,,1,0,49,2,0
1,1,18,Kentucky,KY,2001,1.4166667,5,,1,0,49,2,0
1,1,19,Louisiana,LA,2001,1.4166667,5,,1,0,49,2,0
2,2,20,Maine,ME,2001,3.7999997,,8.5,1,0,49,2,0
2,2,21,Maryland,MD,2001,3.7333331,,7,1,0,49,2,0
2,2,22,Massachusetts,MA,2001,3.7999997,,8.5,1,0,49,2,0
1,1,23,Michigan,MI,2001,3.4166663,33,,1,0,49,2,0
2,2,24,Minnesota,MN,2001,3.2666664,,4,1,0,49,2,0
1,1,25,Mississippi,MS,2001,2.6388888,29.5,,1,0,49,2,0
1,1,26,Missouri,MO,2001,2.0277779,21,,1,0,49,2,0
1,1,27,Montana,MT,2001,1.4166667,5,,1,0,49,2,0
2,2,28,Nebraska,NE,2001,3.9333329,,10,1,0,49,2,0
1,1,29,Nevada,NV,2001,1.5833335,12.5,,1,0,49,2,0
1,1,30,New Hampshire,NH,2001,2.3055558,26,,1,0,49,2,0
2,2,31,New Jersey,NJ,2001,3.1999998,,2,1,0,49,2,0
1,1,32,New Mexico,NM,2001,2.0277779,21,,1,0,49,2,0
2,2,33,New York,NY,2001,3.3333333,,5,1,0,49,2,0
1,1,34,North Carolina,NC,2001,1.4166667,5,,1,0,49,2,0
1,1,35,North Dakota,ND,2001,1.4166667,5,,1,0,49,2,0
1,1,36,Ohio,OH,2001,2.0833335,23,,1,0,49,2,0
1,1,37,Oklahoma,OK,2001,1.5833335,12.5,,1,0,49,2,0
1,1,38,Oregon,OR,2001,2.5277779,28,,1,0,49,2,0
2,2,39,Pennsylvania,PA,2001,3.1999998,,2,1,0,49,2,0
2,2,40,Rhode Island,RI,2001,4.2666664,,12.5,1,0,49,2,0
1,1,41,South Carolina,SC,2001,1.4166667,5,,1,0,49,2,0
1,1,42,South Dakota,SD,2001,1.4166667,5,,1,0,49,2,0
1,1,43,Tennessee,TN,2001,1.8611112,17,,1,0,49,2,0
1,1,44,Texas,TX,2001,5.5277781,36,,1,0,49,2,0
1,1,45,Utah,UT,2001,1.8611112,17,,1,0,49,2,0
1,1,46,Vermont,VT,2001,2.0277779,21,,1,0,49,2,0
1,1,47,Virginia,VA,2001,2.75,31,,1,0,49,2,0
2,2,48,Washington,WA,2001,4.1999998,,11,1,0,49,2,0
1,1,49,West Virginia,WV,2001,1.5833335,12.5,,1,0,49,2,0
1,1,50,Wisconsin,WI,2001,3.916666,35,,1,0,49,2,0
1,1,51,Wyoming,WY,2001,2.3611112,27,,1,0,49,2,0
1,1,1,Alabama,AL,2002,1.9722223,15.5,,1,0,51,0,0
1,1,2,Alaska,AK,2002,1.4722223,4,,1,0,51,0,0
1,1,3,Arizona,AZ,2002,1.6944447,10,,1,0,51,0,0
1,1,4,Arkansas,AR,2002,2.1388891,19.5,,1,0,51,0,0
2,2,5,California,CA,2002,4.7333326,,15,1,0,51,0,0
1,1,6,Colorado,CO,2002,2.3611112,24,,1,0,51,0,0
2,2,7,Connecticut,CT,2002,3.2666667,,1.5,1,0,51,0,0
2,2,8,Delaware,DE,2002,3.6000001,,5,1,0,51,0,0
2,2,9,District of Columbia,DC,2002,4.4666667,,14,1,0,51,0,0
1,1,10,Florida,FL,2002,2.4166665,26.5,,1,0,51,0,0
1,1,11,Georgia,GA,2002,1.9166667,13.5,,1,0,51,0,0
1,1,12,Hawaii,HI,2002,3.6388888,34,,1,0,51,0,0
1,1,13,Idaho,ID,2002,2.8611112,32,,1,0,51,0,0
2,2,14,Illinois,IL,2002,4.333333,,13,1,0,51,0,0
1,1,15,Indiana,IN,2002,2.6388888,28.5,,1,0,51,0,0
1,1,16,Iowa,IA,2002,1.4722223,4,,1,0,51,0,0
1,1,17,Kansas,KS,2002,1.6944447,10,,1,0,51,0,0
1,1,18,Kentucky,KY,2002,1.4722223,4,,1,0,51,0,0
1,1,19,Louisiana,LA,2002,1.4722223,4,,1,0,51,0,0
2,2,20,Maine,ME,2002,3.8666666,,9,1,0,51,0,0
2,2,21,Maryland,MD,2002,3.8000002,,8,1,0,51,0,0
2,2,22,Massachusetts,MA,2002,3.7333331,,6,1,0,51,0,0
1,1,23,Michigan,MI,2002,3.5277779,33,,1,0,51,0,0
2,2,24,Minnesota,MN,2002,3.3333333,,4,1,0,51,0,0
1,1,25,Mississippi,MS,2002,2.6388888,28.5,,1,0,51,0,0
1,1,26,Missouri,MO,2002,2.1388891,19.5,,1,0,51,0,0
1,1,27,Montana,MT,2002,2.1388891,19.5,,1,0,51,0,0
2,2,28,Nebraska,NE,2002,3.9999998,,10.5,1,0,51,0,0
1,1,29,Nevada,NV,2002,1.6944447,10,,1,0,51,0,0
1,1,30,New Hampshire,NH,2002,2.3611114,25,,1,0,51,0,0
2,2,31,New Jersey,NJ,2002,3.2666667,,1.5,1,0,51,0,0
1,1,32,New Mexico,NM,2002,2.1388891,19.5,,1,0,51,0,0
2,2,33,New York,NY,2002,3.9999998,,10.5,1,0,51,0,0
1,1,34,North Carolina,NC,2002,1.4722223,4,,1,0,51,0,0
1,1,35,North Dakota,ND,2002,1.9722223,15.5,,1,0,51,0,0
1,1,36,Ohio,OH,2002,2.1944447,23,,1,0,51,0,0
1,1,37,Oklahoma,OK,2002,1.6944447,10,,1,0,51,0,0
1,1,38,Oregon,OR,2002,2.1388891,19.5,,1,0,51,0,0
2,2,39,Pennsylvania,PA,2002,3.2666669,,3,1,0,51,0,0
2,2,40,Rhode Island,RI,2002,3.7999997,,7,1,0,51,0,0
1,1,41,South Carolina,SC,2002,1.4722223,4,,1,0,51,0,0
1,1,42,South Dakota,SD,2002,1.4722223,4,,1,0,51,0,0
1,1,43,Tennessee,TN,2002,1.9166667,13.5,,1,0,51,0,0
1,1,44,Texas,TX,2002,5.5277777,36,,1,0,51,0,0
1,1,45,Utah,UT,2002,2.8055553,30,,1,0,51,0,0
1,1,46,Vermont,VT,2002,2.1388891,19.5,,1,0,51,0,0
1,1,47,Virginia,VA,2002,2.8055556,31,,1,0,51,0,0
2,2,48,Washington,WA,2002,4.1333332,,12,1,0,51,0,0
1,1,49,West Virginia,WV,2002,1.6944447,10,,1,0,51,0,0
1,1,50,Wisconsin,WI,2002,4.0277777,35,,1,0,51,0,0
1,1,51,Wyoming,WY,2002,2.4166665,26.5,,1,0,51,0,0
1,1,1,Alabama,AL,2003,3.0277779,30,,1,0,51,0,0
1,1,2,Alaska,AK,2003,1.5277778,3.5,,1,0,51,0,0
1,1,3,Arizona,AZ,2003,1.7500001,8.5,,1,0,51,0,0
1,1,4,Arkansas,AR,2003,2.1944447,18,,1,0,51,0,0
2,2,5,California,CA,2003,4.333333,,14,1,0,51,0,0
1,1,6,Colorado,CO,2003,2.4166665,22.5,,1,0,51,0,0
2,2,7,Connecticut,CT,2003,3.1333334,,4.5,1,0,51,0,0
2,2,8,Delaware,DE,2003,3.1333334,,4.5,1,0,51,0,0
2,2,9,District of Columbia,DC,2003,3.9999998,,11,1,0,51,0,0
1,1,10,Florida,FL,2003,2.4166667,24.5,,1,0,51,0,0
1,1,11,Georgia,GA,2003,1.9722224,11.5,,1,0,51,0,0
1,1,12,Hawaii,HI,2003,3.6944442,35,,1,0,51,0,0
1,1,13,Idaho,ID,2003,2.4166667,24.5,,1,0,51,0,0
2,2,14,Illinois,IL,2003,4.1999998,,13,1,0,51,0,0
1,1,15,Indiana,IN,2003,2.1944447,18,,1,0,51,0,0
1,1,16,Iowa,IA,2003,1.5277778,3.5,,1,0,51,0,0
1,1,17,Kansas,KS,2003,1.7500001,8.5,,1,0,51,0,0
1,1,18,Kentucky,KY,2003,2.3055556,20,,1,0,51,0,0
1,1,19,Louisiana,LA,2003,1.5277778,3.5,,1,0,51,0,0
2,2,20,Maine,ME,2003,3.7333331,,9,1,0,51,0,0
2,2,21,Maryland,MD,2003,3.3999999,,7.5,1,0,51,0,0
2,2,22,Massachusetts,MA,2003,4.0666666,,12,1,0,51,0,0
1,1,23,Michigan,MI,2003,3.5833335,34,,1,0,51,0,0
2,2,24,Minnesota,MN,2003,2.9999998,,3,1,0,51,0,0
1,1,25,Mississippi,MS,2003,2.8055556,28,,1,0,51,0,0
1,1,26,Missouri,MO,2003,2.1944444,15,,1,0,51,0,0
1,1,27,Montana,MT,2003,2.1944447,18,,1,0,51,0,0
2,2,28,Nebraska,NE,2003,3.8666663,,10,1,0,51,0,0
1,1,29,Nevada,NV,2003,1.7500001,8.5,,1,0,51,0,0
1,1,30,New Hampshire,NH,2003,2.4166665,22.5,,1,0,51,0,0
2,2,31,New Jersey,NJ,2003,2.8,,1,1,0,51,0,0
1,1,32,New Mexico,NM,2003,3.1388888,31.5,,1,0,51,0,0
2,2,33,New York,NY,2003,3.3999999,,7.5,1,0,51,0,0
1,1,34,North Carolina,NC,2003,1.5277778,3.5,,1,0,51,0,0
1,1,35,North Dakota,ND,2003,2.1388888,13,,1,0,51,0,0
1,1,36,Ohio,OH,2003,2.3611112,21,,1,0,51,0,0
1,1,37,Oklahoma,OK,2003,3.4166665,33,,1,0,51,0,0
1,1,38,Oregon,OR,2003,2.1944444,15,,1,0,51,0,0
2,2,39,Pennsylvania,PA,2003,2.9333332,,2,1,0,51,0,0
2,2,40,Rhode Island,RI,2003,3.3999996,,6,1,0,51,0,0
1,1,41,South Carolina,SC,2003,1.5277778,3.5,,1,0,51,0,0
1,1,42,South Dakota,SD,2003,1.5277778,3.5,,1,0,51,0,0
1,1,43,Tennessee,TN,2003,1.9722224,11.5,,1,0,51,0,0
1,1,44,Texas,TX,2003,5.5277777,36,,1,0,51,0,0
1,1,45,Utah,UT,2003,2.75,27,,1,0,51,0,0
1,1,46,Vermont,VT,2003,2.1944444,15,,1,0,51,0,0
1,1,47,Virginia,VA,2003,2.9722221,29,,1,0,51,0,0
2,2,48,Washington,WA,2003,4.4666662,,15,1,0,51,0,0
1,1,49,West Virginia,WV,2003,1.7500001,8.5,,1,0,51,0,0
1,1,50,Wisconsin,WI,2003,3.1388888,31.5,,1,0,51,0,0
1,1,51,Wyoming,WY,2003,2.5833333,26,,1,0,51,0,0
1,1,1,Alabama,AL,2004,3.0555556,30,,1,0,51,0,0
1,1,2,Alaska,AK,2004,1.5555555,3.5,,1,0,51,0,0
1,1,3,Arizona,AZ,2004,1.7777778,8.5,,1,0,51,0,0
1,1,4,Arkansas,AR,2004,2.1666667,14,,1,0,51,0,0
2,2,5,California,CA,2004,4.333333,,14,1,0,51,0,0
1,1,6,Colorado,CO,2004,2.4444442,21.5,,1,0,51,0,0
2,2,7,Connecticut,CT,2004,3.1333334,,4.5,1,0,51,0,0
2,2,8,Delaware,DE,2004,3.1333334,,4.5,1,0,51,0,0
2,2,9,District of Columbia,DC,2004,3.9999998,,11,1,0,51,0,0
1,1,10,Florida,FL,2004,2.4444444,23,,1,0,51,0,0
1,1,11,Georgia,GA,2004,2.0555556,11.5,,1,0,51,0,0
1,1,12,Hawaii,HI,2004,3.7777774,35,,1,0,51,0,0
1,1,13,Idaho,ID,2004,2.3888891,20,,1,0,51,0,0
2,2,14,Illinois,IL,2004,4.1999998,,13,1,0,51,0,0
1,1,15,Indiana,IN,2004,2.1666667,14,,1,0,51,0,0
1,1,16,Iowa,IA,2004,1.5555555,3.5,,1,0,51,0,0
1,1,17,Kansas,KS,2004,2.5,24,,1,0,51,0,0
1,1,18,Kentucky,KY,2004,2.2777777,16,,1,0,51,0,0
1,1,19,Louisiana,LA,2004,1.5555555,3.5,,1,0,51,0,0
2,2,20,Maine,ME,2004,3.7333331,,9,1,0,51,0,0
2,2,21,Maryland,MD,2004,3.3999999,,7.5,1,0,51,0,0
2,2,22,Massachusetts,MA,2004,4.0666666,,12,1,0,51,0,0
1,1,23,Michigan,MI,2004,3.6111109,34,,1,0,51,0,0
2,2,24,Minnesota,MN,2004,2.9999998,,3,1,0,51,0,0
1,1,25,Mississippi,MS,2004,2.7777779,27.5,,1,0,51,0,0
1,1,26,Missouri,MO,2004,1.7777778,8.5,,1,0,51,0,0
1,1,27,Montana,MT,2004,2.1666667,14,,1,0,51,0,0
2,2,28,Nebraska,NE,2004,3.8666663,,10,1,0,51,0,0
1,1,29,Nevada,NV,2004,1.7777778,8.5,,1,0,51,0,0
1,1,30,New Hampshire,NH,2004,2.4444442,21.5,,1,0,51,0,0
2,2,31,New Jersey,NJ,2004,2.8,,1,1,0,51,0,0
1,1,32,New Mexico,NM,2004,3.2222223,32,,1,0,51,0,0
2,2,33,New York,NY,2004,3.3999999,,7.5,1,0,51,0,0
1,1,34,North Carolina,NC,2004,1.5555555,3.5,,1,0,51,0,0
1,1,35,North Dakota,ND,2004,2.7777779,27.5,,1,0,51,0,0
1,1,36,Ohio,OH,2004,2.3888888,19,,1,0,51,0,0
1,1,37,Oklahoma,OK,2004,3.3888888,33,,1,0,51,0,0
1,1,38,Oregon,OR,2004,2.2777779,17.5,,1,0,51,0,0
2,2,39,Pennsylvania,PA,2004,2.9333332,,2,1,0,51,0,0
2,2,40,Rhode Island,RI,2004,3.3999996,,6,1,0,51,0,0
1,1,41,South Carolina,SC,2004,1.5555555,3.5,,1,0,51,0,0
1,1,42,South Dakota,SD,2004,1.5555555,3.5,,1,0,51,0,0
1,1,43,Tennessee,TN,2004,2.0555556,11.5,,1,0,51,0,0
1,1,44,Texas,TX,2004,5.4444442,36,,1,0,51,0,0
1,1,45,Utah,UT,2004,2.7777777,26,,1,0,51,0,0
1,1,46,Vermont,VT,2004,2.2777779,17.5,,1,0,51,0,0
1,1,47,Virginia,VA,2004,2.9999998,29,,1,0,51,0,0
2,2,48,Washington,WA,2004,4.4666662,,15,1,0,51,0,0
1,1,49,West Virginia,WV,2004,1.7777778,8.5,,1,0,51,0,0
1,1,50,Wisconsin,WI,2004,3.2222219,31,,1,0,51,0,0
1,1,51,Wyoming,WY,2004,2.6666667,25,,1,0,51,0,0
1,1,1,Alabama,AL,2005,3.243243,28,,1,0,50,1,0
1,1,2,Alaska,AK,2005,1.7837838,3.5,,1,0,50,1,0
1,1,3,Arizona,AZ,2005,3.756757,32,,1,0,50,1,0
1,1,4,Arkansas,AR,2005,4.1351352,35,,1,0,50,1,0
2,2,5,California,CA,2005,4.6785722,,14,1,0,50,1,0
1,1,6,Colorado,CO,2005,2.6216214,19.5,,1,0,50,1,0
2,2,7,Connecticut,CT,2005,3.2500002,,4.5,1,0,50,1,0
2,2,8,Delaware,DE,2005,3.2500002,,4.5,1,0,50,1,0
2,2,9,District of Columbia,DC,2005,3.9642861,,10,1,0,50,1,0
1,1,10,Florida,FL,2005,2.6216214,19.5,,1,0,50,1,0
1,1,11,Georgia,GA,2005,2.2432432,10.5,,1,0,50,1,0
1,1,12,Hawaii,HI,2005,3.9189188,34,,1,0,50,1,0
1,1,13,Idaho,ID,2005,2.5945945,17,,1,0,50,1,0
2,2,14,Illinois,IL,2005,4.2500005,,12,1,0,50,1,0
1,1,15,Indiana,IN,2005,2.4054053,12.5,,1,0,50,1,0
1,1,16,Iowa,IA,2005,1.7837838,3.5,,1,0,50,1,0
1,1,17,Kansas,KS,2005,2.6486485,21,,1,0,50,1,0
1,1,18,Kentucky,KY,2005,2.4594595,16,,1,0,50,1,0
1,1,19,Louisiana,LA,2005,1.7837838,3.5,,1,0,50,1,0
2,2,20,Maine,ME,2005,3.8214285,,8.5,1,0,50,1,0
1,2,21,Maryland,MD,2005,3.2162163,27,,0,1,50,1,0
2,2,22,Massachusetts,MA,2005,4.1071429,,11,1,0,50,1,0
1,1,23,Michigan,MI,2005,3.7027028,31,,1,0,50,1,0
2,2,24,Minnesota,MN,2005,2.9642861,,2,1,0,50,1,0
1,1,25,Mississippi,MS,2005,3.0270269,24.5,,1,0,50,1,0
1,1,26,Missouri,MO,2005,1.972973,8,,1,0,50,1,0
1,1,27,Montana,MT,2005,2.4054053,12.5,,1,0,50,1,0
2,2,28,Nebraska,NE,2005,3.8214285,,8.5,1,0,50,1,0
1,1,29,Nevada,NV,2005,1.972973,8,,1,0,50,1,0
1,1,30,New Hampshire,NH,2005,2.6756756,22,,1,0,50,1,0
2,2,31,New Jersey,NJ,2005,2.8214288,,1,1,0,50,1,0
1,1,32,New Mexico,NM,2005,4.8378377,36,,1,0,50,1,0
2,2,33,New York,NY,2005,3.3928576,,6,1,0,50,1,0
1,1,34,North Carolina,NC,2005,1.7837838,3.5,,1,0,50,1,0
1,1,35,North Dakota,ND,2005,3.0270269,24.5,,1,0,50,1,0
1,1,36,Ohio,OH,2005,2.5945947,18,,1,0,50,1,0
1,1,37,Oklahoma,OK,2005,3.4864867,30,,1,0,50,1,0
1,1,38,Oregon,OR,2005,2.4324324,14.5,,1,0,50,1,0
2,2,39,Pennsylvania,PA,2005,3.1071429,,3,1,0,50,1,0
2,2,40,Rhode Island,RI,2005,3.5357144,,7,1,0,50,1,0
1,1,41,South Carolina,SC,2005,1.7837838,3.5,,1,0,50,1,0
1,1,42,South Dakota,SD,2005,1.7837838,3.5,,1,0,50,1,0
1,1,43,Tennessee,TN,2005,2.2432432,10.5,,1,0,50,1,0
1,1,44,Texas,TX,2005,5.5135136,37,,1,0,50,1,0
1,1,45,Utah,UT,2005,3.8108108,33,,1,0,50,1,0
1,1,46,Vermont,VT,2005,2.4324324,14.5,,1,0,50,1,0
1,1,47,Virginia,VA,2005,3.1891892,26,,1,0,50,1,0
2,2,48,Washington,WA,2005,4.3928576,,13,1,0,50,1,0
1,1,49,West Virginia,WV,2005,1.972973,8,,1,0,50,1,0
1,1,50,Wisconsin,WI,2005,3.3783782,29,,1,0,50,1,0
1,1,51,Wyoming,WY,2005,2.8648651,23,,1,0,50,1,0
1,1,1,Alabama,AL,2006,3.1285717,26.5,,1,0,49,2,0
1,1,2,Alaska,AK,2006,1.6999999,3.5,,1,0,49,2,0
1,1,3,Arizona,AZ,2006,3.4428575,30,,1,0,49,2,0
1,1,4,Arkansas,AR,2006,4.014286,33,,1,0,49,2,0
2,2,5,California,CA,2006,4.71875,,16,1,0,49,2,0
1,1,6,Colorado,CO,2006,2.9714291,25,,1,0,49,2,0
2,2,7,Connecticut,CT,2006,3.40625,,4,1,0,49,2,0
2,2,8,Delaware,DE,2006,3.53125,,6,1,0,49,2,0
2,2,9,District of Columbia,DC,2006,4.28125,,11,1,0,49,2,0
1,1,10,Florida,FL,2006,2.5285718,14,,1,0,49,2,0
1,1,11,Georgia,GA,2006,2.7428575,21,,1,0,49,2,0
2,1,12,Hawaii,HI,2006,4.53125,,14,0,1,49,2,0
1,1,13,Idaho,ID,2006,2.5571432,17,,1,0,49,2,0
2,2,14,Illinois,IL,2006,4.53125,,14,1,0,49,2,0
1,1,15,Indiana,IN,2006,2.3000004,11.5,,1,0,49,2,0
1,1,16,Iowa,IA,2006,1.6999999,3.5,,1,0,49,2,0
1,1,17,Kansas,KS,2006,2.6142859,19,,1,0,49,2,0
1,1,18,Kentucky,KY,2006,2.3571429,13,,1,0,49,2,0
1,1,19,Louisiana,LA,2006,1.6999999,3.5,,1,0,49,2,0
2,2,20,Maine,ME,2006,3.90625,,8,1,0,49,2,0
1,1,21,Maryland,MD,2006,3.385715,28,,1,0,49,2,0
2,2,22,Massachusetts,MA,2006,4.15625,,9,1,0,49,2,0
1,1,23,Michigan,MI,2006,3.6714292,31,,1,0,49,2,0
2,2,24,Minnesota,MN,2006,3.28125,,2.5,1,0,49,2,0
1,1,25,Mississippi,MS,2006,2.9000003,23,,1,0,49,2,0
1,1,26,Missouri,MO,2006,1.9571429,8,,1,0,49,2,0
1,1,27,Montana,MT,2006,2.3000004,11.5,,1,0,49,2,0
2,2,28,Nebraska,NE,2006,4.28125,,11,1,0,49,2,0
1,1,29,Nevada,NV,2006,1.9571429,8,,1,0,49,2,0
1,1,30,New Hampshire,NH,2006,2.6428573,20,,1,0,49,2,0
2,2,31,New Jersey,NJ,2006,3.15625,,1,1,0,49,2,0
1,1,32,New Mexico,NM,2006,4.9285717,34,,1,0,49,2,0
2,2,33,New York,NY,2006,3.53125,,6,1,0,49,2,0
1,1,34,North Carolina,NC,2006,2.1142859,10,,1,0,49,2,0
1,1,35,North Dakota,ND,2006,2.9000003,23,,1,0,49,2,0
1,1,36,Ohio,OH,2006,2.557143,15,,1,0,49,2,0
1,1,37,Oklahoma,OK,2006,3.4428573,29,,1,0,49,2,0
1,1,38,Oregon,OR,2006,2.5571432,17,,1,0,49,2,0
2,2,39,Pennsylvania,PA,2006,3.28125,,2.5,1,0,49,2,0
2,2,40,Rhode Island,RI,2006,3.53125,,6,1,0,49,2,0
1,1,41,South Carolina,SC,2006,1.6999999,3.5,,1,0,49,2,0
1,1,42,South Dakota,SD,2006,1.6999999,3.5,,1,0,49,2,0
1,1,43,Tennessee,TN,2006,1.6999999,3.5,,1,0,49,2,0
1,1,44,Texas,TX,2006,5.4714289,35,,1,0,49,2,0
1,1,45,Utah,UT,2006,3.8428574,32,,1,0,49,2,0
1,1,46,Vermont,VT,2006,2.5571432,17,,1,0,49,2,0
1,1,47,Virginia,VA,2006,3.1285717,26.5,,1,0,49,2,0
2,2,48,Washington,WA,2006,4.53125,,14,1,0,49,2,0
1,1,49,West Virginia,WV,2006,1.9571429,8,,1,0,49,2,0
2,1,50,Wisconsin,WI,2006,4.28125,,11,0,1,49,2,0
1,1,51,Wyoming,WY,2006,2.9000003,23,,1,0,49,2,0
1,1,1,Alabama,AL,2007,2.9375,21.5,,1,0,48,3,0
1,1,2,Alaska,AK,2007,1.6875,3,,1,0,48,3,0
1,1,3,Arizona,AZ,2007,3.9375,30,,1,0,48,3,0
1,1,4,Arkansas,AR,2007,4.375,31,,1,0,48,3,0
2,2,5,California,CA,2007,5.1052628,,17,1,0,48,3,0
1,1,6,Colorado,CO,2007,3.5,25.5,,1,0,48,3,0
2,2,7,Connecticut,CT,2007,3.7105265,,5.5,1,0,48,3,0
2,2,8,Delaware,DE,2007,3.6052632,,4,1,0,48,3,0
2,2,9,District of Columbia,DC,2007,4.6052628,,12,1,0,48,3,0
1,1,10,Florida,FL,2007,2.3125,11.5,,1,0,48,3,0
1,1,11,Georgia,GA,2007,3.5625,27,,1,0,48,3,0
2,2,12,Hawaii,HI,2007,4.7631578,,14,1,0,48,3,0
1,1,13,Idaho,ID,2007,2.3125,11.5,,1,0,48,3,0
2,2,14,Illinois,IL,2007,5.7105255,,18,1,0,48,3,0
1,1,15,Indiana,IN,2007,2.3125,11.5,,1,0,48,3,0
1,1,16,Iowa,IA,2007,1.6875,3,,1,0,48,3,0
1,1,17,Kansas,KS,2007,2.375,14.5,,1,0,48,3,0
1,1,18,Kentucky,KY,2007,2.375,14.5,,1,0,48,3,0
1,1,19,Louisiana,LA,2007,3.375,24,,1,0,48,3,0
2,2,20,Maine,ME,2007,4.2894735,,10.5,1,0,48,3,0
2,1,21,Maryland,MD,2007,3.7105265,,5.5,0,1,48,3,0
2,2,22,Massachusetts,MA,2007,5.0263152,,15,1,0,48,3,0
2,1,23,Michigan,MI,2007,4.1842103,,9,0,1,48,3,0
2,2,24,Minnesota,MN,2007,3.5,,3,1,0,48,3,0
1,1,25,Mississippi,MS,2007,2.9375,21.5,,1,0,48,3,0
1,1,26,Missouri,MO,2007,2.1875,8,,1,0,48,3,0
1,1,27,Montana,MT,2007,2.3125,11.5,,1,0,48,3,0
2,2,28,Nebraska,NE,2007,4.7631574,,13,1,0,48,3,0
1,1,29,Nevada,NV,2007,2.1875,8,,1,0,48,3,0
1,1,30,New Hampshire,NH,2007,2.75,16,,1,0,48,3,0
2,2,31,New Jersey,NJ,2007,3.2368422,,1,1,0,48,3,0
1,1,32,New Mexico,NM,2007,6,32,,1,0,48,3,0
2,2,33,New York,NY,2007,3.9210527,,7,1,0,48,3,0
1,1,34,North Carolina,NC,2007,1.9375,6,,1,0,48,3,0
1,1,35,North Dakota,ND,2007,2.9375,21.5,,1,0,48,3,0
1,1,36,Ohio,OH,2007,2.8125,18,,1,0,48,3,0
1,1,37,Oklahoma,OK,2007,3.75,28,,1,0,48,3,0
1,1,38,Oregon,OR,2007,2.8125,18,,1,0,48,3,0
2,2,39,Pennsylvania,PA,2007,3.4473686,,2,1,0,48,3,0
2,2,40,Rhode Island,RI,2007,4.0263157,,8,1,0,48,3,0
1,1,41,South Carolina,SC,2007,1.6875,3,,1,0,48,3,0
1,1,42,South Dakota,SD,2007,1.6875,3,,1,0,48,3,0
1,1,43,Tennessee,TN,2007,1.6875,3,,1,0,48,3,0
2,1,44,Texas,TX,2007,6.5526314,,19,0,1,48,3,0
1,1,45,Utah,UT,2007,3.875,29,,1,0,48,3,0
1,1,46,Vermont,VT,2007,2.8125,18,,1,0,48,3,0
1,1,47,Virginia,VA,2007,3.5,25.5,,1,0,48,3,0
2,2,48,Washington,WA,2007,5.0789475,,16,1,0,48,3,0
1,1,49,West Virginia,WV,2007,2.1875,8,,1,0,48,3,0
2,2,50,Wisconsin,WI,2007,4.2894735,,10.5,1,0,48,3,0
1,1,51,Wyoming,WY,2007,2.9375,21.5,,1,0,48,3,0
1,1,1,Alabama,AL,2008,2.9333332,15,,1,0,49,2,0
1,1,2,Alaska,AK,2008,1.9,2,,1,0,49,2,0
1,1,3,Arizona,AZ,2008,4.5666666,29,,1,0,49,2,0
2,1,4,Arkansas,AR,2008,5.0238094,,13,0,1,49,2,0
2,2,5,California,CA,2008,5.523809,,17,1,0,49,2,0
1,1,6,Colorado,CO,2008,3.4333332,24,,1,0,49,2,0
2,2,7,Connecticut,CT,2008,4.3571429,,5,1,0,49,2,0
2,2,8,Delaware,DE,2008,4.0714288,,3,1,0,49,2,0
2,2,9,District of Columbia,DC,2008,5.0714283,,14,1,0,49,2,0
1,1,10,Florida,FL,2008,2.333333,4,,1,0,49,2,0
1,1,11,Georgia,GA,2008,3.3666666,23,,1,0,49,2,0
2,2,12,Hawaii,HI,2008,4.9285712,,11,1,0,49,2,0
1,1,13,Idaho,ID,2008,2.5666664,10,,1,0,49,2,0
2,2,14,Illinois,IL,2008,5.7857141,,19,1,0,49,2,0
1,1,15,Indiana,IN,2008,2.5666664,10,,1,0,49,2,0
1,1,16,Iowa,IA,2008,1.9,2,,1,0,49,2,0
1,1,17,Kansas,KS,2008,2.5666664,10,,1,0,49,2,0
1,1,18,Kentucky,KY,2008,2.5666664,10,,1,0,49,2,0
2,1,19,Louisiana,LA,2008,4.4523811,,7,0,1,49,2,0
2,2,20,Maine,ME,2008,4.9761901,,12,1,0,49,2,0
2,2,21,Maryland,MD,2008,3.9761908,,2,1,0,49,2,0
2,2,22,Massachusetts,MA,2008,5.9285703,,20,1,0,49,2,0
2,2,23,Michigan,MI,2008,4.1190476,,4,1,0,49,2,0
2,2,24,Minnesota,MN,2008,5.2380948,,15,1,0,49,2,0
1,1,25,Mississippi,MS,2008,3.833333,26,,1,0,49,2,0
1,1,26,Missouri,MO,2008,2.4999998,7,,1,0,49,2,0
1,1,27,Montana,MT,2008,2.5666664,10,,1,0,49,2,0
2,2,28,Nebraska,NE,2008,5.3095236,,16,1,0,49,2,0
1,1,29,Nevada,NV,2008,3.133333,19,,1,0,49,2,0
1,1,30,New Hampshire,NH,2008,2.7666667,13,,1,0,49,2,0
2,2,31,New Jersey,NJ,2008,3.8571432,,1,1,0,49,2,0
1,1,32,New Mexico,NM,2008,6.1999998,30,,1,0,49,2,0
2,2,33,New York,NY,2008,4.5476189,,9,1,0,49,2,0
1,1,34,North Carolina,NC,2008,2.8999999,14,,1,0,49,2,0
1,1,35,North Dakota,ND,2008,3.1666665,20.5,,1,0,49,2,0
1,1,36,Ohio,OH,2008,3.0333331,17,,1,0,49,2,0
1,1,37,Oklahoma,OK,2008,4.1333332,27,,1,0,49,2,0
1,1,38,Oregon,OR,2008,3.0999999,18,,1,0,49,2,0
2,2,39,Pennsylvania,PA,2008,4.6904764,,10,1,0,49,2,0
2,2,40,Rhode Island,RI,2008,4.4761906,,8,1,0,49,2,0
1,1,41,South Carolina,SC,2008,2.9999998,16,,1,0,49,2,0
1,1,42,South Dakota,SD,2008,1.9,2,,1,0,49,2,0
1,1,43,Tennessee,TN,2008,3.2666664,22,,1,0,49,2,0
2,2,44,Texas,TX,2008,7.666667,,21,1,0,49,2,0
1,1,45,Utah,UT,2008,4.2666664,28,,1,0,49,2,0
1,1,46,Vermont,VT,2008,2.4333332,5.5,,1,0,49,2,0
1,1,47,Virginia,VA,2008,3.5666664,25,,1,0,49,2,0
2,2,48,Washington,WA,2008,5.7380953,,18,1,0,49,2,0
1,1,49,West Virginia,WV,2008,2.4333332,5.5,,1,0,49,2,0
2,2,50,Wisconsin,WI,2008,4.4047618,,6,1,0,49,2,0
1,1,51,Wyoming,WY,2008,3.1666665,20.5,,1,0,49,2,0
1,1,1,Alabama,AL,2009,2.9833333,14.5,,1,0,47,4,0
1,1,2,Alaska,AK,2009,1.9833333,2,,1,0,47,4,0
1,1,3,Arizona,AZ,2009,4.3499994,29,,1,0,47,4,0
1,2,4,Arkansas,AR,2009,3.5833335,22,,0,1,47,4,0
2,2,5,California,CA,2009,5.833333,,14,1,0,47,4,0
1,1,6,Colorado,CO,2009,3.3166666,20,,1,0,47,4,0
2,2,7,Connecticut,CT,2009,4.666667,,6,1,0,47,4,0
2,2,8,Delaware,DE,2009,5.0476189,,8,1,0,47,4,0
2,2,9,District of Columbia,DC,2009,5.5714288,,12,1,0,47,4,0
1,1,10,Florida,FL,2009,2.9833333,14.5,,1,0,47,4,0
1,1,11,Georgia,GA,2009,4.083333,25,,1,0,47,4,0
2,2,12,Hawaii,HI,2009,5.4761906,,11,1,0,47,4,0
1,1,13,Idaho,ID,2009,2.7166667,8.5,,1,0,47,4,0
2,2,14,Illinois,IL,2009,6.4285707,,19,1,0,47,4,0
1,1,15,Indiana,IN,2009,2.7166667,8.5,,1,0,47,4,0
1,1,16,Iowa,IA,2009,2.7833333,10,,1,0,47,4,0
1,1,17,Kansas,KS,2009,2.7833335,11.5,,1,0,47,4,0
1,1,18,Kentucky,KY,2009,2.7833335,11.5,,1,0,47,4,0
1,2,19,Louisiana,LA,2009,4.1166668,27,,0,1,47,4,0
2,2,20,Maine,ME,2009,5.2857141,,10,1,0,47,4,0
2,2,21,Maryland,MD,2009,4.5238099,,3.5,1,0,47,4,0
2,2,22,Massachusetts,MA,2009,5.9047613,,16,1,0,47,4,0
2,2,23,Michigan,MI,2009,5.1428571,,9,1,0,47,4,0
2,2,24,Minnesota,MN,2009,5.6428566,,13,1,0,47,4,0
1,1,25,Mississippi,MS,2009,4.0166664,23,,1,0,47,4,0
1,1,26,Missouri,MO,2009,2.5833333,4,,1,0,47,4,0
1,1,27,Montana,MT,2009,1.9833333,2,,1,0,47,4,0
2,2,28,Nebraska,NE,2009,5.9285717,,17,1,0,47,4,0
1,1,29,Nevada,NV,2009,3.3166664,18,,1,0,47,4,0
1,1,30,New Hampshire,NH,2009,2.8166666,13,,1,0,47,4,0
2,2,31,New Jersey,NJ,2009,4.2142863,,1,1,0,47,4,0
2,1,32,New Mexico,NM,2009,6.7619047,,20,0,1,47,4,0
2,2,33,New York,NY,2009,4.6666665,,5,1,0,47,4,0
1,1,34,North Carolina,NC,2009,2.6499999,5,,1,0,47,4,0
1,1,35,North Dakota,ND,2009,3.3166666,20,,1,0,47,4,0
1,1,36,Ohio,OH,2009,3.2499998,16,,1,0,47,4,0
2,1,37,Oklahoma,OK,2009,6.3095236,,18,0,1,47,4,0
1,1,38,Oregon,OR,2009,4.1833334,28,,1,0,47,4,0
2,2,39,Pennsylvania,PA,2009,4.5238099,,3.5,1,0,47,4,0
2,2,40,Rhode Island,RI,2009,4.7142859,,7,1,0,47,4,0
1,1,41,South Carolina,SC,2009,3.2833333,17,,1,0,47,4,0
1,1,42,South Dakota,SD,2009,1.9833333,2,,1,0,47,4,0
1,1,43,Tennessee,TN,2009,4.0833335,26,,1,0,47,4,0
2,2,44,Texas,TX,2009,7.0714283,,21,1,0,47,4,0
1,1,45,Utah,UT,2009,4.6499996,30,,1,0,47,4,0
1,1,46,Vermont,VT,2009,2.6500001,6.5,,1,0,47,4,0
1,1,47,Virginia,VA,2009,4.0499997,24,,1,0,47,4,0
2,2,48,Washington,WA,2009,5.8571424,,15,1,0,47,4,0
1,1,49,West Virginia,WV,2009,2.6500001,6.5,,1,0,47,4,0
2,2,50,Wisconsin,WI,2009,4.5238094,,2,1,0,47,4,0
1,1,51,Wyoming,WY,2009,3.3166666,20,,1,0,47,4,0
1,1,1,Alabama,AL,2010,3.5,17,,1,0,47,4,0
1,1,2,Alaska,AK,2010,2.5,3,,1,0,47,4,0
1,1,3,Arizona,AZ,2010,4.8076916,25,,1,0,47,4,0
2,1,4,Arkansas,AR,2010,4.96,,8,0,1,47,4,0
2,2,5,California,CA,2010,5.9399996,,17,1,0,47,4,0
1,1,6,Colorado,CO,2010,3.9615386,21,,1,0,47,4,0
2,2,7,Connecticut,CT,2010,5.04,,10,1,0,47,4,0
2,2,8,Delaware,DE,2010,5,,9,1,0,47,4,0
2,2,9,District of Columbia,DC,2010,6.0800004,,20,1,0,47,4,0
1,1,10,Florida,FL,2010,2.5769231,4,,1,0,47,4,0
1,1,11,Georgia,GA,2010,4.3461542,24,,1,0,47,4,0
2,2,12,Hawaii,HI,2010,5.4799995,,14,1,0,47,4,0
1,1,13,Idaho,ID,2010,2.1153846,1.5,,1,0,47,4,0
2,2,14,Illinois,IL,2010,5.9199996,,16,1,0,47,4,0
1,1,15,Indiana,IN,2010,3.3461537,14,,1,0,47,4,0
1,1,16,Iowa,IA,2010,2.8076921,7.5,,1,0,47,4,0
1,1,17,Kansas,KS,2010,2.8846154,9.5,,1,0,47,4,0
1,1,18,Kentucky,KY,2010,2.8846154,9.5,,1,0,47,4,0
2,1,19,Louisiana,LA,2010,4.7199998,,6,0,1,47,4,0
2,2,20,Maine,ME,2010,6.0799999,,19,1,0,47,4,0
2,2,21,Maryland,MD,2010,4.3199997,,2.5,1,0,47,4,0
2,2,22,Massachusetts,MA,2010,5.2400002,,12,1,0,47,4,0
2,2,23,Michigan,MI,2010,4.52,,4,1,0,47,4,0
2,2,24,Minnesota,MN,2010,6.0200005,,18,1,0,47,4,0
1,1,25,Mississippi,MS,2010,4.0769234,23,,1,0,47,4,0
1,1,26,Missouri,MO,2010,2.653846,5,,1,0,47,4,0
1,1,27,Montana,MT,2010,2.8076921,7.5,,1,0,47,4,0
2,2,28,Nebraska,NE,2010,6.3799996,,21,1,0,47,4,0
1,1,29,Nevada,NV,2010,3.4615383,16,,1,0,47,4,0
1,1,30,New Hampshire,NH,2010,3.3846154,15,,1,0,47,4,0
2,2,31,New Jersey,NJ,2010,4.3000002,,1,1,0,47,4,0
2,2,32,New Mexico,NM,2010,6.7200003,,24,1,0,47,4,0
2,2,33,New York,NY,2010,5.5599999,,15,1,0,47,4,0
2,1,34,North Carolina,NC,2010,4.6399994,,5,0,1,47,4,0
1,1,35,North Dakota,ND,2010,3.0384614,11,,1,0,47,4,0
1,1,36,Ohio,OH,2010,3.2692306,12,,1,0,47,4,0
2,2,37,Oklahoma,OK,2010,6.5599999,,22.5,1,0,47,4,0
1,1,38,Oregon,OR,2010,4.0384612,22,,1,0,47,4,0
2,2,39,Pennsylvania,PA,2010,4.3199997,,2.5,1,0,47,4,0
2,2,40,Rhode Island,RI,2010,4.9200001,,7,1,0,47,4,0
1,1,41,South Carolina,SC,2010,3.2692308,13,,1,0,47,4,0
1,1,42,South Dakota,SD,2010,2.1153846,1.5,,1,0,47,4,0
2,1,43,Tennessee,TN,2010,5.46,,13,0,1,47,4,0
2,2,44,Texas,TX,2010,6.8200002,,25,1,0,47,4,0
1,1,45,Utah,UT,2010,5,26,,1,0,47,4,0
1,1,46,Vermont,VT,2010,3.7307689,20,,1,0,47,4,0
1,1,47,Virginia,VA,2010,3.6153846,18,,1,0,47,4,0
2,2,48,Washington,WA,2010,6.5599999,,22.5,1,0,47,4,0
1,1,49,West Virginia,WV,2010,2.7307692,6,,1,0,47,4,0
2,2,50,Wisconsin,WI,2010,5.1199999,,11,1,0,47,4,0
1,1,51,Wyoming,WY,2010,3.653846,19,,1,0,47,4,0
1,1,1,Alabama,AL,2011,4.9464288,26,,1,0,45,6,0
1,1,2,Alaska,AK,2011,3.196429,11,,1,0,45,6,0
1,1,3,Arizona,AZ,2011,4.2321429,24,,1,0,45,6,0
1,2,4,Arkansas,AR,2011,3.8750002,19,,0,1,45,6,0
2,2,5,California,CA,2011,7.565218,,23,1,0,45,6,0
1,1,6,Colorado,CO,2011,3.1607149,7,,1,0,45,6,0
2,2,7,Connecticut,CT,2011,4.3260865,,5,1,0,45,6,0
2,2,8,Delaware,DE,2011,4.543478,,8,1,0,45,6,0
2,2,9,District of Columbia,DC,2011,6.5,,20,1,0,45,6,0
1,1,10,Florida,FL,2011,2.5178573,3.5,,1,0,45,6,0
1,1,11,Georgia,GA,2011,5.3035712,27,,1,0,45,6,0
2,2,12,Hawaii,HI,2011,4.9347825,,11,1,0,45,6,0
1,1,13,Idaho,ID,2011,2.4107144,1.5,,1,0,45,6,0
2,2,14,Illinois,IL,2011,6.456522,,19,1,0,45,6,0
1,1,15,Indiana,IN,2011,3.5535719,13.5,,1,0,45,6,0
1,1,16,Iowa,IA,2011,3.1250002,5.5,,1,0,45,6,0
1,1,17,Kansas,KS,2011,3.1964285,9,,1,0,45,6,0
1,1,18,Kentucky,KY,2011,3.1964285,9,,1,0,45,6,0
1,2,19,Louisiana,LA,2011,3.5535719,13.5,,0,1,45,6,0
2,2,20,Maine,ME,2011,5.586956,,14.5,1,0,45,6,0
2,2,21,Maryland,MD,2011,3.760869,,3,1,0,45,6,0
2,2,22,Massachusetts,MA,2011,5.4565215,,13,1,0,45,6,0
2,2,23,Michigan,MI,2011,4.6304345,,9,1,0,45,6,0
2,2,24,Minnesota,MN,2011,6.826087,,22,1,0,45,6,0
1,1,25,Mississippi,MS,2011,4.0535717,21,,1,0,45,6,0
1,1,26,Missouri,MO,2011,2.5178573,3.5,,1,0,45,6,0
1,1,27,Montana,MT,2011,3.1250002,5.5,,1,0,45,6,0
2,2,28,Nebraska,NE,2011,5.3478255,,12,1,0,45,6,0
1,1,29,Nevada,NV,2011,3.8392861,18,,1,0,45,6,0
1,1,30,New Hampshire,NH,2011,4.125,22.5,,1,0,45,6,0
2,2,31,New Jersey,NJ,2011,4.4782605,,7,1,0,45,6,0
2,2,32,New Mexico,NM,2011,5.8478255,,17,1,0,45,6,0
2,2,33,New York,NY,2011,5.673913,,16,1,0,45,6,0
1,2,34,North Carolina,NC,2011,4.0178576,20,,0,1,45,6,0
1,1,35,North Dakota,ND,2011,3.7678578,17,,1,0,45,6,0
1,1,36,Ohio,OH,2011,3.7678573,15.5,,1,0,45,6,0
2,2,37,Oklahoma,OK,2011,6.543478,,21,1,0,45,6,0
2,1,38,Oregon,OR,2011,4.717391,,10,0,1,45,6,0
2,2,39,Pennsylvania,PA,2011,3.8043475,,4,1,0,45,6,0
2,2,40,Rhode Island,RI,2011,3.6304345,,1.5,1,0,45,6,0
1,1,41,South Carolina,SC,2011,4.125,22.5,,1,0,45,6,0
1,1,42,South Dakota,SD,2011,2.4107144,1.5,,1,0,45,6,0
1,2,43,Tennessee,TN,2011,4.5892863,25,,0,1,45,6,0
2,2,44,Texas,TX,2011,6.347826,,18,1,0,45,6,0
1,1,45,Utah,UT,2011,5.6964288,28,,1,0,45,6,0
2,1,46,Vermont,VT,2011,4.369565,,6,0,1,45,6,0
1,1,47,Virginia,VA,2011,3.446429,12,,1,0,45,6,0
2,2,48,Washington,WA,2011,5.586956,,14.5,1,0,45,6,0
1,1,49,West Virginia,WV,2011,3.1964285,9,,1,0,45,6,0
2,2,50,Wisconsin,WI,2011,3.6304345,,1.5,1,0,45,6,0
1,1,51,Wyoming,WY,2011,3.7678573,15.5,,1,0,45,6,0
1,1,1,Alabama,AL,2012,3.9782608,21,,1,0,46,5,0
1,1,2,Alaska,AK,2012,1.9347825,3,,1,0,46,5,0
1,1,3,Arizona,AZ,2012,3.4130433,17.5,,1,0,46,5,0
2,1,4,Arkansas,AR,2012,4.8571434,,14,0,1,46,5,0
2,2,5,California,CA,2012,7.8214283,,28,1,0,46,5,0
1,1,6,Colorado,CO,2012,3.3478258,16,,1,0,46,5,0
2,2,7,Connecticut,CT,2012,4.75,,10,1,0,46,5,0
2,2,8,Delaware,DE,2012,3.75,,2,1,0,46,5,0
2,2,9,District of Columbia,DC,2012,6.5,,27,1,0,46,5,0
1,1,10,Florida,FL,2012,2.4347823,5,,1,0,46,5,0
1,1,11,Georgia,GA,2012,5.1304355,23,,1,0,46,5,0
2,2,12,Hawaii,HI,2012,4.8214293,,12.5,1,0,46,5,0
1,1,13,Idaho,ID,2012,1.9347825,3,,1,0,46,5,0
2,2,14,Illinois,IL,2012,6.2142854,,24,1,0,46,5,0
1,1,15,Indiana,IN,2012,2.9999998,13,,1,0,46,5,0
1,1,16,Iowa,IA,2012,2.7608695,10.5,,1,0,46,5,0
1,1,17,Kansas,KS,2012,2.673913,8.5,,1,0,46,5,0
1,1,18,Kentucky,KY,2012,2.673913,8.5,,1,0,46,5,0
2,1,19,Louisiana,LA,2012,4.4642859,,9,0,1,46,5,0
2,2,20,Maine,ME,2012,5.1071434,,17,1,0,46,5,0
2,2,21,Maryland,MD,2012,4.1071434,,7,1,0,46,5,0
2,2,22,Massachusetts,MA,2012,5.6785717,,19,1,0,46,5,0
2,2,23,Michigan,MI,2012,4.2500005,,8,1,0,46,5,0
2,2,24,Minnesota,MN,2012,4.8928571,,15,1,0,46,5,0
1,1,25,Mississippi,MS,2012,3.5869565,19,,1,0,46,5,0
1,1,26,Missouri,MO,2012,1.695652,1,,1,0,46,5,0
1,1,27,Montana,MT,2012,2.7608695,10.5,,1,0,46,5,0
2,2,28,Nebraska,NE,2012,4.7500005,,11,1,0,46,5,0
1,1,29,Nevada,NV,2012,3.4130433,17.5,,1,0,46,5,0
1,1,30,New Hampshire,NH,2012,2.847826,12,,1,0,46,5,0
2,2,31,New Jersey,NJ,2012,3.6785712,,1,1,0,46,5,0
2,2,32,New Mexico,NM,2012,6.3214283,,25,1,0,46,5,0
2,2,33,New York,NY,2012,5.9285712,,22,1,0,46,5,0
2,1,34,North Carolina,NC,2012,5.0000005,,16,0,1,46,5,0
1,1,35,North Dakota,ND,2012,2.4999998,7,,1,0,46,5,0
1,1,36,Ohio,OH,2012,3.2391303,14.5,,1,0,46,5,0
2,2,37,Oklahoma,OK,2012,5.8928576,,21,1,0,46,5,0
2,2,38,Oregon,OR,2012,4.8214293,,12.5,1,0,46,5,0
2,2,39,Pennsylvania,PA,2012,3.9642859,,6,1,0,46,5,0
2,2,40,Rhode Island,RI,2012,3.8928571,,3.5,1,0,46,5,0
1,1,41,South Carolina,SC,2012,3.6521738,20,,1,0,46,5,0
1,1,42,South Dakota,SD,2012,1.9347825,3,,1,0,46,5,0
2,1,43,Tennessee,TN,2012,5.7857141,,20,0,1,46,5,0
2,2,44,Texas,TX,2012,6.3928576,,26,1,0,46,5,0
1,1,45,Utah,UT,2012,5.065217,22,,1,0,46,5,0
2,2,46,Vermont,VT,2012,3.8928571,,3.5,1,0,46,5,0
2,1,47,Virginia,VA,2012,5.3571429,,18,0,1,46,5,0
2,2,48,Washington,WA,2012,6.0357137,,23,1,0,46,5,0
1,1,49,West Virginia,WV,2012,2.4347825,6,,1,0,46,5,0
2,2,50,Wisconsin,WI,2012,3.9285712,,5,1,0,46,5,0
1,1,51,Wyoming,WY,2012,3.2391303,14.5,,1,0,46,5,0
1,1,1,Alabama,AL,2013,4.3571429,25,,1,0,46,5,0
1,1,2,Alaska,AK,2013,2.1785715,3,,1,0,46,5,0
1,1,3,Arizona,AZ,2013,3.6071432,16,,1,0,46,5,0
1,2,4,Arkansas,AR,2013,3.7142856,18.5,,0,1,46,5,0
2,2,5,California,CA,2013,8.326088,,23,1,0,46,5,0
1,1,6,Colorado,CO,2013,3.9285715,24,,1,0,46,5,0
2,2,7,Connecticut,CT,2013,5.260869,,12,1,0,46,5,0
2,2,8,Delaware,DE,2013,4.391304,,5,1,0,46,5,0
2,2,9,District of Columbia,DC,2013,6.8695645,,22,1,0,46,5,0
1,1,10,Florida,FL,2013,2.2857144,5,,1,0,46,5,0
1,1,11,Georgia,GA,2013,4.6785717,27,,1,0,46,5,0
2,2,12,Hawaii,HI,2013,5.652174,,17,1,0,46,5,0
1,1,13,Idaho,ID,2013,2.1785715,3,,1,0,46,5,0
2,2,14,Illinois,IL,2013,6.3043475,,18,1,0,46,5,0
1,1,15,Indiana,IN,2013,3.2857146,13,,1,0,46,5,0
1,1,16,Iowa,IA,2013,2.8214288,8,,1,0,46,5,0
1,1,17,Kansas,KS,2013,2.8928573,10,,1,0,46,5,0
1,1,18,Kentucky,KY,2013,3.5357146,14,,1,0,46,5,0
1,2,19,Louisiana,LA,2013,3.6428573,17,,0,1,46,5,0
2,2,20,Maine,ME,2013,5.6086955,,14.5,1,0,46,5,0
2,2,21,Maryland,MD,2013,4.260869,,4,1,0,46,5,0
2,2,22,Massachusetts,MA,2013,6.5652175,,21,1,0,46,5,0
2,2,23,Michigan,MI,2013,4.847826,,9,1,0,46,5,0
2,2,24,Minnesota,MN,2013,5.630435,,16,1,0,46,5,0
1,1,25,Mississippi,MS,2013,3.8571432,21,,1,0,46,5,0
1,1,26,Missouri,MO,2013,1.8571428,1,,1,0,46,5,0
1,1,27,Montana,MT,2013,2.8214288,8,,1,0,46,5,0
2,2,28,Nebraska,NE,2013,5.152174,,10,1,0,46,5,0
1,1,29,Nevada,NV,2013,4.4285712,26,,1,0,46,5,0
1,1,30,New Hampshire,NH,2013,3.1071429,12,,1,0,46,5,0
2,2,31,New Jersey,NJ,2013,4.065217,,2,1,0,46,5,0
2,2,32,New Mexico,NM,2013,4.73913,,8,1,0,46,5,0
2,2,33,New York,NY,2013,5.3913045,,13,1,0,46,5,0
1,2,34,North Carolina,NC,2013,3.7500002,20,,0,1,46,5,0
1,1,35,North Dakota,ND,2013,2.8214288,8,,1,0,46,5,0
1,1,36,Ohio,OH,2013,2.9642856,11,,1,0,46,5,0
2,2,37,Oklahoma,OK,2013,6.3043485,,19,1,0,46,5,0
2,2,38,Oregon,OR,2013,5.1739125,,11,1,0,46,5,0
2,2,39,Pennsylvania,PA,2013,4.673913,,7,1,0,46,5,0
2,2,40,Rhode Island,RI,2013,3.7826083,,1,1,0,46,5,0
1,1,41,South Carolina,SC,2013,3.8928571,22,,1,0,46,5,0
1,1,42,South Dakota,SD,2013,2.1785715,3,,1,0,46,5,0
1,2,43,Tennessee,TN,2013,3.7142856,18.5,,0,1,46,5,0
2,2,44,Texas,TX,2013,6.3695655,,20,1,0,46,5,0
1,1,45,Utah,UT,2013,5.2142859,28,,1,0,46,5,0
2,2,46,Vermont,VT,2013,4.6521735,,6,1,0,46,5,0
1,2,47,Virginia,VA,2013,3.8928573,23,,0,1,46,5,0
2,2,48,Washington,WA,2013,5.6086955,,14.5,1,0,46,5,0
1,1,49,West Virginia,WV,2013,2.6428571,6,,1,0,46,5,0
2,2,50,Wisconsin,WI,2013,4.152174,,3,1,0,46,5,0
1,1,51,Wyoming,WY,2013,3.6071429,15,,1,0,46,5,0
1,1,1,Alabama,AL,2014,4.46,21,,1,0,48,3,0
1,1,2,Alaska,AK,2014,2.3399999,3,,1,0,48,3,0
1,1,3,Arizona,AZ,2014,3.6999998,14.5,,1,0,48,3,0
1,1,4,Arkansas,AR,2014,3.8799996,17,,1,0,48,3,0
2,2,5,California,CA,2014,8.249999,,26,1,0,48,3,0
2,1,6,Colorado,CO,2014,5.6730771,,15,0,1,48,3,0
2,2,7,Connecticut,CT,2014,5.1346154,,12,1,0,48,3,0
2,2,8,Delaware,DE,2014,4.5961537,,7,1,0,48,3,0
2,2,9,District of Columbia,DC,2014,6.6730771,,25,1,0,48,3,0
1,1,10,Florida,FL,2014,3.3599997,12,,1,0,48,3,0
1,1,11,Georgia,GA,2014,4.9000001,23,,1,0,48,3,0
2,2,12,Hawaii,HI,2014,5.9807687,,18.5,1,0,48,3,0
1,1,13,Idaho,ID,2014,2.3399999,3,,1,0,48,3,0
2,2,14,Illinois,IL,2014,6.0576921,,20.5,1,0,48,3,0
1,1,15,Indiana,IN,2014,3.2799997,11,,1,0,48,3,0
1,1,16,Iowa,IA,2014,3.1999998,8.5,,1,0,48,3,0
1,1,17,Kansas,KS,2014,3.1999998,8.5,,1,0,48,3,0
1,1,18,Kentucky,KY,2014,3.6999998,14.5,,1,0,48,3,0
1,1,19,Louisiana,LA,2014,3.54,13,,1,0,48,3,0
2,2,20,Maine,ME,2014,5.9807687,,18.5,1,0,48,3,0
2,2,21,Maryland,MD,2014,4.5192308,,6,1,0,48,3,0
2,2,22,Massachusetts,MA,2014,6.2499995,,22,1,0,48,3,0
2,2,23,Michigan,MI,2014,4.9807696,,10.5,1,0,48,3,0
2,2,24,Minnesota,MN,2014,5.8269229,,16,1,0,48,3,0
1,1,25,Mississippi,MS,2014,3.9399996,18,,1,0,48,3,0
1,1,26,Missouri,MO,2014,2,1,,1,0,48,3,0
1,1,27,Montana,MT,2014,3.0199997,6.5,,1,0,48,3,0
2,2,28,Nebraska,NE,2014,4.4423075,,5,1,0,48,3,0
1,1,29,Nevada,NV,2014,5.3800001,25,,1,0,48,3,0
1,1,30,New Hampshire,NH,2014,3.26,10,,1,0,48,3,0
2,2,31,New Jersey,NJ,2014,3.8269229,,1,1,0,48,3,0
2,2,32,New Mexico,NM,2014,4.9807696,,10.5,1,0,48,3,0
2,2,33,New York,NY,2014,5.2115388,,13,1,0,48,3,0
1,1,34,North Carolina,NC,2014,3.9599998,19,,1,0,48,3,0
1,1,35,North Dakota,ND,2014,3.0199997,6.5,,1,0,48,3,0
2,1,36,Ohio,OH,2014,5.4423079,,14,0,1,48,3,0
2,2,37,Oklahoma,OK,2014,6.3269229,,23,1,0,48,3,0
2,2,38,Oregon,OR,2014,4.0576921,,3,1,0,48,3,0
2,2,39,Pennsylvania,PA,2014,4.9423079,,9,1,0,48,3,0
2,2,40,Rhode Island,RI,2014,3.9038463,,2,1,0,48,3,0
1,1,41,South Carolina,SC,2014,4.7199998,22,,1,0,48,3,0
1,1,42,South Dakota,SD,2014,2.3399999,3,,1,0,48,3,0
1,1,43,Tennessee,TN,2014,3.8599997,16,,1,0,48,3,0
2,2,44,Texas,TX,2014,6.6346154,,24,1,0,48,3,0
1,1,45,Utah,UT,2014,5.3000002,24,,1,0,48,3,0
2,2,46,Vermont,VT,2014,4.9038463,,8,1,0,48,3,0
2,1,47,Virginia,VA,2014,5.8653846,,17,0,1,48,3,0
2,2,48,Washington,WA,2014,6.0576921,,20.5,1,0,48,3,0
1,1,49,West Virginia,WV,2014,2.8400002,5,,1,0,48,3,0
2,2,50,Wisconsin,WI,2014,4.0961537,,4,1,0,48,3,0
1,1,51,Wyoming,WY,2014,4.3799996,20,,1,0,48,3,0
1,1,1,Alabama,AL,2015,4.458333,20,,1,0,50,1,0
1,1,2,Alaska,AK,2015,2.375,3,,1,0,50,1,0
1,1,3,Arizona,AZ,2015,3.7083337,14,,1,0,50,1,0
1,1,4,Arkansas,AR,2015,3.875,15,,1,0,50,1,0
2,2,5,California,CA,2015,8.2037039,,27,1,0,50,1,0
2,2,6,Colorado,CO,2015,4.8333335,,10,1,0,50,1,0
2,2,7,Connecticut,CT,2015,5.1111112,,14,1,0,50,1,0
2,2,8,Delaware,DE,2015,4.7407413,,8.5,1,0,50,1,0
2,2,9,District of Columbia,DC,2015,6.5555558,,24,1,0,50,1,0
1,1,10,Florida,FL,2015,3.375,11,,1,0,50,1,0
1,1,11,Georgia,GA,2015,4.875,22,,1,0,50,1,0
2,2,12,Hawaii,HI,2015,6.6666675,,26,1,0,50,1,0
1,1,13,Idaho,ID,2015,2.375,3,,1,0,50,1,0
2,2,14,Illinois,IL,2015,6.0740743,,21,1,0,50,1,0
1,1,15,Indiana,IN,2015,3.291667,10,,1,0,50,1,0
1,1,16,Iowa,IA,2015,3.2083333,7.5,,1,0,50,1,0
1,1,17,Kansas,KS,2015,3.2083333,7.5,,1,0,50,1,0
1,1,18,Kentucky,KY,2015,3.7083333,13,,1,0,50,1,0
1,1,19,Louisiana,LA,2015,3.5416667,12,,1,0,50,1,0
2,2,20,Maine,ME,2015,5.9629626,,19,1,0,50,1,0
2,2,21,Maryland,MD,2015,4.4814816,,4,1,0,50,1,0
2,2,22,Massachusetts,MA,2015,6.2407408,,22,1,0,50,1,0
2,2,23,Michigan,MI,2015,5.0925922,,13,1,0,50,1,0
2,2,24,Minnesota,MN,2015,5.8333335,,17,1,0,50,1,0
1,1,25,Mississippi,MS,2015,3.9583335,17.5,,1,0,50,1,0
1,1,26,Missouri,MO,2015,2.0416665,1,,1,0,50,1,0
1,1,27,Montana,MT,2015,3.0416667,5.5,,1,0,50,1,0
2,2,28,Nebraska,NE,2015,4.5370369,,5,1,0,50,1,0
1,1,29,Nevada,NV,2015,5.4583335,24,,1,0,50,1,0
1,1,30,New Hampshire,NH,2015,3.2916667,9,,1,0,50,1,0
2,2,31,New Jersey,NJ,2015,3.8888888,,1,1,0,50,1,0
2,2,32,New Mexico,NM,2015,4.8888888,,12,1,0,50,1,0
2,2,33,New York,NY,2015,5.2962961,,15,1,0,50,1,0
1,1,34,North Carolina,NC,2015,3.9583335,17.5,,1,0,50,1,0
1,1,35,North Dakota,ND,2015,3.0416667,5.5,,1,0,50,1,0
2,2,36,Ohio,OH,2015,5.4074068,,16,1,0,50,1,0
2,2,37,Oklahoma,OK,2015,6.4074082,,23,1,0,50,1,0
2,2,38,Oregon,OR,2015,4.5925922,,6,1,0,50,1,0
2,2,39,Pennsylvania,PA,2015,4.8518519,,11,1,0,50,1,0
2,2,40,Rhode Island,RI,2015,4,,2,1,0,50,1,0
1,1,41,South Carolina,SC,2015,4.708334,21,,1,0,50,1,0
1,1,42,South Dakota,SD,2015,2.375,3,,1,0,50,1,0
1,1,43,Tennessee,TN,2015,3.8750002,16,,1,0,50,1,0
2,2,44,Texas,TX,2015,6.6296296,,25,1,0,50,1,0
1,1,45,Utah,UT,2015,5.2916665,23,,1,0,50,1,0
2,2,46,Vermont,VT,2015,4.7407413,,8.5,1,0,50,1,0
2,2,47,Virginia,VA,2015,5.8888888,,18,1,0,50,1,0
2,2,48,Washington,WA,2015,6.0370374,,20,1,0,50,1,0
2,1,49,West Virginia,WV,2015,4.6851854,,7,0,1,50,1,0
2,2,50,Wisconsin,WI,2015,4.1296296,,3,1,0,50,1,0
1,1,51,Wyoming,WY,2015,4.375,19,,1,0,50,1,0
1,1,1,Alabama,AL,2016,4.7222223,22,,1,0,48,3,0
1,1,2,Alaska,AK,2016,2.6481483,3,,1,0,48,3,0
1,1,3,Arizona,AZ,2016,3.9814818,18,,1,0,48,3,0
1,1,4,Arkansas,AR,2016,3.925926,16.5,,1,0,48,3,0
2,2,5,California,CA,2016,8.479166,,24,1,0,48,3,0
2,2,6,Colorado,CO,2016,4.9375,,10.5,1,0,48,3,0
2,2,7,Connecticut,CT,2016,4.9375,,10.5,1,0,48,3,0
2,2,8,Delaware,DE,2016,4.7708335,,8,1,0,48,3,0
2,2,9,District of Columbia,DC,2016,6.1874995,,20,1,0,48,3,0
1,1,10,Florida,FL,2016,3.925926,16.5,,1,0,48,3,0
1,1,11,Georgia,GA,2016,5.2407408,24,,1,0,48,3,0
2,2,12,Hawaii,HI,2016,6.6875,,22,1,0,48,3,0
1,1,13,Idaho,ID,2016,2.6481483,3,,1,0,48,3,0
2,2,14,Illinois,IL,2016,5.8541665,,18,1,0,48,3,0
1,1,15,Indiana,IN,2016,3.592593,12,,1,0,48,3,0
1,1,16,Iowa,IA,2016,3.2592595,7,,1,0,48,3,0
1,1,17,Kansas,KS,2016,3.4074075,9,,1,0,48,3,0
1,1,18,Kentucky,KY,2016,3.6111114,13,,1,0,48,3,0
1,1,19,Louisiana,LA,2016,3.574074,10.5,,1,0,48,3,0
2,2,20,Maine,ME,2016,6.020833,,19,1,0,48,3,0
2,2,21,Maryland,MD,2016,4.1875,,3,1,0,48,3,0
2,2,22,Massachusetts,MA,2016,6.2291665,,21,1,0,48,3,0
2,2,23,Michigan,MI,2016,5.354167,,14,1,0,48,3,0
2,2,24,Minnesota,MN,2016,5.770834,,17,1,0,48,3,0
1,1,25,Mississippi,MS,2016,4.166667,19,,1,0,48,3,0
1,1,26,Missouri,MO,2016,2.2592595,1,,1,0,48,3,0
1,1,27,Montana,MT,2016,3.0555556,5,,1,0,48,3,0
2,2,28,Nebraska,NE,2016,4.6875005,,6,1,0,48,3,0
1,1,29,Nevada,NV,2016,5.7962966,26,,1,0,48,3,0
1,1,30,New Hampshire,NH,2016,3.574074,10.5,,1,0,48,3,0
2,2,31,New Jersey,NJ,2016,3.979167,,2,1,0,48,3,0
2,2,32,New Mexico,NM,2016,4.7708335,,8,1,0,48,3,0
2,2,33,New York,NY,2016,5.0208335,,12.5,1,0,48,3,0
1,1,34,North Carolina,NC,2016,3.740741,14,,1,0,48,3,0
1,1,35,North Dakota,ND,2016,3.2777779,8,,1,0,48,3,0
2,2,36,Ohio,OH,2016,5.5208335,,15,1,0,48,3,0
1,2,37,Oklahoma,OK,2016,5.3518519,25,,0,1,48,3,0
2,2,38,Oregon,OR,2016,4.520834,,5,1,0,48,3,0
2,2,39,Pennsylvania,PA,2016,5.0208335,,12.5,1,0,48,3,0
2,2,40,Rhode Island,RI,2016,3.9375002,,1,1,0,48,3,0
1,1,41,South Carolina,SC,2016,5.0370369,23,,1,0,48,3,0
1,1,42,South Dakota,SD,2016,2.6481483,3,,1,0,48,3,0
1,1,43,Tennessee,TN,2016,3.8703701,15,,1,0,48,3,0
2,2,44,Texas,TX,2016,6.8958344,,23,1,0,48,3,0
1,1,45,Utah,UT,2016,5.9074068,27,,1,0,48,3,0
2,2,46,Vermont,VT,2016,4.7708335,,8,1,0,48,3,0
1,2,47,Virginia,VA,2016,4.4259257,20,,0,1,48,3,0
2,2,48,Washington,WA,2016,5.6875005,,16,1,0,48,3,0
1,2,49,West Virginia,WV,2016,3.074074,6,,0,1,48,3,0
2,2,50,Wisconsin,WI,2016,4.1875005,,4,1,0,48,3,0
1,1,51,Wyoming,WY,2016,4.4629626,21,,1,0,48,3,0
1,1,1,Alabama,AL,2017,3.9444444,19,,1,0,51,0,0
1,1,2,Alaska,AK,2017,2.5000002,3,,1,0,51,0,0
1,1,3,Arizona,AZ,2017,3.907408,18,,1,0,51,0,0
1,1,4,Arkansas,AR,2017,3.6666667,15,,1,0,51,0,0
2,2,5,California,CA,2017,8.249999,,24,1,0,51,0,0
2,2,6,Colorado,CO,2017,4.8333335,,9,1,0,51,0,0
2,2,7,Connecticut,CT,2017,4.875,,10,1,0,51,0,0
2,2,8,Delaware,DE,2017,4.7083335,,7,1,0,51,0,0
2,2,9,District of Columbia,DC,2017,6.291666,,19,1,0,51,0,0
1,1,10,Florida,FL,2017,4.3148146,23,,1,0,51,0,0
1,1,11,Georgia,GA,2017,4.2222223,21,,1,0,51,0,0
2,2,12,Hawaii,HI,2017,6.5833325,,21,1,0,51,0,0
1,1,13,Idaho,ID,2017,2.5000002,3,,1,0,51,0,0
2,2,14,Illinois,IL,2017,6.916666,,23,1,0,51,0,0
1,1,15,Indiana,IN,2017,2.8888891,8,,1,0,51,0,0
1,1,16,Iowa,IA,2017,2.8333333,5.5,,1,0,51,0,0
1,1,17,Kansas,KS,2017,3.2037041,11,,1,0,51,0,0
1,1,18,Kentucky,KY,2017,3.074074,10,,1,0,51,0,0
1,1,19,Louisiana,LA,2017,3.5185187,13,,1,0,51,0,0
2,2,20,Maine,ME,2017,5.583334,,17,1,0,51,0,0
2,2,21,Maryland,MD,2017,4.1666665,,3,1,0,51,0,0
2,2,22,Massachusetts,MA,2017,6.6666675,,22,1,0,51,0,0
2,2,23,Michigan,MI,2017,5.5,,15,1,0,51,0,0
2,2,24,Minnesota,MN,2017,5.916667,,18,1,0,51,0,0
1,1,25,Mississippi,MS,2017,3.9444449,20,,1,0,51,0,0
1,1,26,Missouri,MO,2017,2.1111109,1,,1,0,51,0,0
1,1,27,Montana,MT,2017,2.8333333,5.5,,1,0,51,0,0
2,2,28,Nebraska,NE,2017,5.083334,,12,1,0,51,0,0
1,1,29,Nevada,NV,2017,5.1666665,25,,1,0,51,0,0
1,1,30,New Hampshire,NH,2017,3.425926,12,,1,0,51,0,0
2,2,31,New Jersey,NJ,2017,4.1250005,,2,1,0,51,0,0
2,2,32,New Mexico,NM,2017,4.7083335,,7,1,0,51,0,0
2,2,33,New York,NY,2017,5.0416675,,11,1,0,51,0,0
1,1,34,North Carolina,NC,2017,3.6481483,14,,1,0,51,0,0
1,1,35,North Dakota,ND,2017,3.0555556,9,,1,0,51,0,0
2,2,36,Ohio,OH,2017,5.250001,,14,1,0,51,0,0
1,1,37,Oklahoma,OK,2017,5.4074078,27,,1,0,51,0,0
2,2,38,Oregon,OR,2017,4.458334,,5,1,0,51,0,0
2,2,39,Pennsylvania,PA,2017,5.166667,,13,1,0,51,0,0
2,2,40,Rhode Island,RI,2017,4.041667,,1,1,0,51,0,0
1,1,41,South Carolina,SC,2017,4.7777781,24,,1,0,51,0,0
1,1,42,South Dakota,SD,2017,2.5000002,3,,1,0,51,0,0
1,1,43,Tennessee,TN,2017,3.7777779,17,,1,0,51,0,0
2,2,44,Texas,TX,2017,6.4583335,,20,1,0,51,0,0
1,1,45,Utah,UT,2017,5.2777772,26,,1,0,51,0,0
2,2,46,Vermont,VT,2017,4.7083335,,7,1,0,51,0,0
1,1,47,Virginia,VA,2017,3.7037036,16,,1,0,51,0,0
2,2,48,Washington,WA,2017,5.5416665,,16,1,0,51,0,0
1,1,49,West Virginia,WV,2017,2.8518517,7,,1,0,51,0,0
2,2,50,Wisconsin,WI,2017,4.3333335,,4,1,0,51,0,0
1,1,51,Wyoming,WY,2017,4.2407408,22,,1,0,51,0,0
1,1,1,Alabama,AL,2018,4.3214293,20,,1,0,50,1,0
1,1,2,Alaska,AK,2018,2.8214285,2.5,,1,0,50,1,0
1,1,3,Arizona,AZ,2018,4.1071434,18,,1,0,50,1,0
1,1,4,Arkansas,AR,2018,3.8571427,16.5,,1,0,50,1,0
2,2,5,California,CA,2018,7.3695655,,23,1,0,50,1,0
2,2,6,Colorado,CO,2018,5.1956515,,13,1,0,50,1,0
2,2,7,Connecticut,CT,2018,4.717391,,9,1,0,50,1,0
2,2,8,Delaware,DE,2018,4.673913,,7.5,1,0,50,1,0
2,2,9,District of Columbia,DC,2018,5.8043475,,18,1,0,50,1,0
1,1,10,Florida,FL,2018,4.3571429,21,,1,0,50,1,0
1,1,11,Georgia,GA,2018,5.1785717,24,,1,0,50,1,0
2,2,12,Hawaii,HI,2018,5.8913045,,19,1,0,50,1,0
1,1,13,Idaho,ID,2018,2.8214285,2.5,,1,0,50,1,0
2,2,14,Illinois,IL,2018,6.8043485,,22,1,0,50,1,0
1,1,15,Indiana,IN,2018,3.2857144,8,,1,0,50,1,0
1,1,16,Iowa,IA,2018,3.0714285,6.5,,1,0,50,1,0
1,1,17,Kansas,KS,2018,3.5357144,13.5,,1,0,50,1,0
1,1,18,Kentucky,KY,2018,3.0714285,6.5,,1,0,50,1,0
1,1,19,Louisiana,LA,2018,3.4642856,11.5,,1,0,50,1,0
2,2,20,Maine,ME,2018,5.760869,,17,1,0,50,1,0
2,2,21,Maryland,MD,2018,4.3695645,,3.5,1,0,50,1,0
2,2,22,Massachusetts,MA,2018,6.5000005,,20,1,0,50,1,0
2,2,23,Michigan,MI,2018,5.369565,,16,1,0,50,1,0
2,2,24,Minnesota,MN,2018,5.217391,,14,1,0,50,1,0
1,1,25,Mississippi,MS,2018,4.25,19,,1,0,50,1,0
1,1,26,Missouri,MO,2018,3.3214285,9,,1,0,50,1,0
1,1,27,Montana,MT,2018,2.9642856,5,,1,0,50,1,0
2,2,28,Nebraska,NE,2018,4.6521735,,6,1,0,50,1,0
1,1,29,Nevada,NV,2018,5.2142859,25,,1,0,50,1,0
1,1,30,New Hampshire,NH,2018,3.7500002,15,,1,0,50,1,0
2,2,31,New Jersey,NJ,2018,4.3478255,,2,1,0,50,1,0
2,2,32,New Mexico,NM,2018,4.3695645,,3.5,1,0,50,1,0
2,2,33,New York,NY,2018,4.76087,,10,1,0,50,1,0
1,1,34,North Carolina,NC,2018,3.4642856,11.5,,1,0,50,1,0
1,1,35,North Dakota,ND,2018,3.3928573,10,,1,0,50,1,0
1,2,36,Ohio,OH,2018,4.8571434,23,,0,1,50,1,0
1,1,37,Oklahoma,OK,2018,5.5000005,28,,1,0,50,1,0
2,2,38,Oregon,OR,2018,4.5,,5,1,0,50,1,0
2,2,39,Pennsylvania,PA,2018,5.3043475,,15,1,0,50,1,0
2,2,40,Rhode Island,RI,2018,3.934782,,1,1,0,50,1,0
1,1,41,South Carolina,SC,2018,5.4285717,26,,1,0,50,1,0
1,1,42,South Dakota,SD,2018,2.8214285,2.5,,1,0,50,1,0
1,1,43,Tennessee,TN,2018,3.8571427,16.5,,1,0,50,1,0
2,2,44,Texas,TX,2018,6.7391305,,21,1,0,50,1,0
1,1,45,Utah,UT,2018,5.4642859,27,,1,0,50,1,0
2,2,46,Vermont,VT,2018,4.673913,,7.5,1,0,50,1,0
1,1,47,Virginia,VA,2018,3.5357144,13.5,,1,0,50,1,0
2,2,48,Washington,WA,2018,5.0217385,,11,1,0,50,1,0
1,1,49,West Virginia,WV,2018,2.8214285,2.5,,1,0,50,1,0
2,2,50,Wisconsin,WI,2018,5.0652175,,12,1,0,50,1,0
1,1,51,Wyoming,WY,2018,4.3928576,22,,1,0,50,1,0
1,1,1,Alabama,AL,2019,4.314815,21,,1,0,50,1,0
1,1,2,Alaska,AK,2019,2.8703706,3.5,,1,0,50,1,0
1,1,3,Arizona,AZ,2019,4.0555563,17,,1,0,50,1,0
1,1,4,Arkansas,AR,2019,3.9629629,16,,1,0,50,1,0
2,2,5,California,CA,2019,7.375,,24,1,0,50,1,0
2,2,6,Colorado,CO,2019,4.875,,9,1,0,50,1,0
2,2,7,Connecticut,CT,2019,4.791667,,7.5,1,0,50,1,0
2,2,8,Delaware,DE,2019,4.958333,,11,1,0,50,1,0
2,2,9,District of Columbia,DC,2019,5.7083335,,18,1,0,50,1,0
1,1,10,Florida,FL,2019,4.2222223,19,,1,0,50,1,0
1,1,11,Georgia,GA,2019,5.1111112,23,,1,0,50,1,0
2,2,12,Hawaii,HI,2019,5.791667,,19.5,1,0,50,1,0
1,1,13,Idaho,ID,2019,2.8703706,3.5,,1,0,50,1,0
2,2,14,Illinois,IL,2019,6.8749995,,23,1,0,50,1,0
1,1,15,Indiana,IN,2019,3.1666667,7,,1,0,50,1,0
1,1,16,Iowa,IA,2019,2.9629629,5.5,,1,0,50,1,0
1,1,17,Kansas,KS,2019,3.5740745,13,,1,0,50,1,0
1,1,18,Kentucky,KY,2019,2.9629629,5.5,,1,0,50,1,0
1,1,19,Louisiana,LA,2019,3.5555556,12,,1,0,50,1,0
2,2,20,Maine,ME,2019,5.791667,,19.5,1,0,50,1,0
2,2,21,Maryland,MD,2019,4.208333,,2.5,1,0,50,1,0
2,2,22,Massachusetts,MA,2019,6.6250005,,21.5,1,0,50,1,0
2,2,23,Michigan,MI,2019,5.2083335,,13.5,1,0,50,1,0
2,2,24,Minnesota,MN,2019,5.208334,,15,1,0,50,1,0
1,1,25,Mississippi,MS,2019,4.2407408,20,,1,0,50,1,0
1,1,26,Missouri,MO,2019,3.3703706,9,,1,0,50,1,0
1,1,27,Montana,MT,2019,4.166667,18,,1,0,50,1,0
2,2,28,Nebraska,NE,2019,4.791667,,7.5,1,0,50,1,0
1,1,29,Nevada,NV,2019,5.3518519,24,,1,0,50,1,0
1,1,30,New Hampshire,NH,2019,3.7962964,14,,1,0,50,1,0
2,2,31,New Jersey,NJ,2019,4.291667,,4,1,0,50,1,0
2,2,32,New Mexico,NM,2019,4.208333,,2.5,1,0,50,1,0
2,2,33,New York,NY,2019,4.8750005,,10,1,0,50,1,0
1,1,34,North Carolina,NC,2019,3.3333333,8,,1,0,50,1,0
1,1,35,North Dakota,ND,2019,3.425926,10,,1,0,50,1,0
2,1,36,Ohio,OH,2019,5.4583335,,17,0,1,50,1,0
1,1,37,Oklahoma,OK,2019,5.5925927,27,,1,0,50,1,0
2,2,38,Oregon,OR,2019,4.4583335,,5,1,0,50,1,0
2,2,39,Pennsylvania,PA,2019,5.375,,16,1,0,50,1,0
2,2,40,Rhode Island,RI,2019,4.041667,,1,1,0,50,1,0
1,1,41,South Carolina,SC,2019,5.4814816,26,,1,0,50,1,0
1,1,42,South Dakota,SD,2019,2.8518517,1.5,,1,0,50,1,0
1,1,43,Tennessee,TN,2019,3.8703706,15,,1,0,50,1,0
2,2,44,Texas,TX,2019,6.6250005,,21.5,1,0,50,1,0
1,1,45,Utah,UT,2019,5.4259257,25,,1,0,50,1,0
2,2,46,Vermont,VT,2019,4.625,,6,1,0,50,1,0
1,1,47,Virginia,VA,2019,3.4814818,11,,1,0,50,1,0
2,2,48,Washington,WA,2019,4.9583335,,12,1,0,50,1,0
1,1,49,West Virginia,WV,2019,2.8518517,1.5,,1,0,50,1,0
2,2,50,Wisconsin,WI,2019,5.2083335,,13.5,1,0,50,1,0
1,1,51,Wyoming,WY,2019,4.9444447,22,,1,0,50,1,0
